query,name,name_for_emails,subtypes,category,type,phone,website,address,street,city,county,state,state_code,postal_code,country,country_code,domain,company_name,company_phone,company_phones,company_linkedin,company_facebook,company_instagram,company_x,company_youtube,full_name,first_name,last_name,title,email,email.emails_validator.status,email.emails_validator.status_details,contact_phone,contact_phones,contact_linkedin,contact_facebook,contact_instagram,contact_x,website_title,website_description,website_generator,website_has_gtm,website_has_fb_pixel,source,latitude,longitude,h3,time_zone,plus_code,area_service,rating,reviews,reviews_link,reviews_tags,reviews_per_score,reviews_per_score_1,reviews_per_score_2,reviews_per_score_3,reviews_per_score_4,reviews_per_score_5,photos_count,photo,street_view,logo,located_in,located_google_id,business_status,working_hours,working_hours_csv_compatible,other_hours,popular_times,typical_time_spent,range,prices,reservation_links,booking_appointment_link,menu_link,order_links,about,description,posts,verified,owner_id,owner_title,owner_link,location_link,location_reviews_link,place_id,google_id,cid,kgmid,reviews_id,company_insights.employees,company_insights.revenue,company_insights.founded_year,company_insights.industry,company_insights.is_public,company_insights.name,company_insights.country,company_insights.state,company_insights.city,company_insights.zip,company_insights.address
"architectural designer, 600028, Chennai, Tamil Nadu, IN",Chettinaad Design,Chettinaad Design,"Architect, Architecture firm, Interior designer",Architect,Architect,+91 44 4949 6565,https://chettinaaddesign.com/,"Door No.24, M/s CHETTINAAD DESIGN 'MEENU, Cenotoph 2nd Ln, Sri Ram Nagar, Teynampet, Chennai, Greater Chennai, Tamil Nadu 600018","Door No.24, M/s CHETTINAAD DESIGN 'MEENU, Cenotoph 2nd Ln","Chennai, Greater Chennai","Sri Ram Nagar, Teynampet",Tamil Nadu,,600018,India,IN,,,,,,,,,,,,,,,,,,,,,,,,,,,,,13.031684,80.2476672,89618c4f627ffff,Asia/Calcutta,,False,4.7,65,https://search.google.com/local/reviews?placeid=ChIJI8MInrRnUjoRX4TVgkI8cDE&q=*&authuser=0&hl=en&gl=IN,,"{""1"": 2, ""2"": 1, ""3"": 2, ""4"": 7, ""5"": 53}",2,1,2,7,53,5,https://lh3.googleusercontent.com/gps-cs-s/AHRPTWmuicGYmremb9MfDyQvwbAWqCHHK03d4lup4QvS3tkC_E7WapzAsYT-RUlsJKy0LLaFRdXaOwmQOY6pp8KnqSxb2NQVXwY2fQt5TbhQCpnFaM4bE2v3sLlr8BCXLmWdlJ3Mo3J3TAPKsls=w800-h500-k-no,https://lh3.googleusercontent.com/gps-cs-s/AHRPTWmuicGYmremb9MfDyQvwbAWqCHHK03d4lup4QvS3tkC_E7WapzAsYT-RUlsJKy0LLaFRdXaOwmQOY6pp8KnqSxb2NQVXwY2fQt5TbhQCpnFaM4bE2v3sLlr8BCXLmWdlJ3Mo3J3TAPKsls=w1600-h1000-k-no,https://lh4.googleusercontent.com/-xEZ7cmSic6g/AAAAAAAAAAI/AAAAAAAAAAA/9rYun-QsgXY/s44-p-k-no-ns-nd/photo.jpg,,,OPERATIONAL,"{""Monday"": [""9am-6pm""], ""Tuesday"": [""9am-6pm""], ""Wednesday"": [""9am-6pm""], ""Thursday"": [""9am-6pm""], ""Friday"": [""9am-6pm""], ""Saturday"": [""9am-5:30pm""], ""Sunday"": [""Closed""]}","Monday,9am,6pm|Tuesday,9am,6pm|Wednesday,9am,6pm|Thursday,9am,6pm|Friday,9am,6pm|Saturday,9am,5:30pm",,,,,,,http://wa.me/919380625580,,http://wa.me/919380625580,"{""Service options"": {""Online appointments"": true, ""On-site services"": true}, ""Accessibility"": {""Wheelchair-accessible car park"": true, ""Wheelchair-accessible seating"": true}, ""Planning"": {""Appointment required"": true}, ""Parking"": {""Free parking lot"": true, ""Free street parking"": true, ""On-site parking"": true}}",,,True,102590515492245744338,Chettinaad Design,https://www.google.com/maps/contrib/102590515492245744338,"https://www.google.com/maps/place/Chettinaad+Design/@13.031684,80.2476672,14z/data=!4m8!1m2!2m1!1sChettinaad+Design!3m4!1s0x3a5267b49e08c323:0x31703c4282d5845f!8m2!3d13.031684!4d80.2476672","https://www.google.com/maps/place/Chettinaad+Design/@13.031684,80.2476672,13.99z/data=!4m16!1m7!3m6!1s0x3a5267b49e08c323:0x31703c4282d5845f!2sChettinaad+Design!8m2!3d13.031684!4d80.2476672!16s%2Fg%2F11ckvg1dmb!3m7!1s0x3a5267b49e08c323:0x31703c4282d5845f!8m2!3d13.031684!4d80.2476672!9m1!1b1!16s%2Fg%2F11ckvg1dmb?entry=ttu",ChIJI8MInrRnUjoRX4TVgkI8cDE,0x3a5267b49e08c323:0x31703c4282d5845f,3.56241E+18,/g/11c424bnp2,3.56241E+18,,,,,,,,,,,
"architectural designer, 600028, Chennai, Tamil Nadu, IN",A Design Co.,A Design,"Architect, Architecture firm, Interior designer",Architecture firm,Architect,+91 96772 59939,http://adesignco.in/,"3/20 Bhagirathi street, Srinivasa Ave Rd, Raja Annamalaipuram, Chennai, Tamil Nadu 600028","3/20 Bhagirathi street, Srinivasa Ave Rd","Chennai, Greater Chennai","Bishop Garden, Raja Annamalaipuram",Tamil Nadu,,600028,India,IN,adesignco.in,,,,,,,,,,,,,rxx@adesignco.in,INVALID,Cannot validate,,,,,,,,,,,,duckduckgo,13.0209649,80.2583565,89618c4f44bffff,Asia/Calcutta,,False,4.9,11,https://search.google.com/local/reviews?placeid=ChIJN2zKRn9oUjoR1edxYtzq6h8&q=*&authuser=0&hl=en&gl=IN,,"{""1"": 0, ""2"": 0, ""3"": 0, ""4"": 1, ""5"": 10}",0,0,0,1,10,12,https://lh3.googleusercontent.com/gps-cs-s/AHRPTWleBZeOPGaVniabap3FzBrx5Is07-lRkHYyfoMnZxL5uVg4-KaMRPYKYcWUoByZ9rOGj6WnXmGagbaB_KYV08qwuWj4pfytqMciyDFEiDOwEgQl1MSKOuaaWui90ENFiTxB8GGyHUoMSD7w=w800-h500-k-no,https://lh3.googleusercontent.com/gps-cs-s/AHRPTWleBZeOPGaVniabap3FzBrx5Is07-lRkHYyfoMnZxL5uVg4-KaMRPYKYcWUoByZ9rOGj6WnXmGagbaB_KYV08qwuWj4pfytqMciyDFEiDOwEgQl1MSKOuaaWui90ENFiTxB8GGyHUoMSD7w=w1600-h1000-k-no,https://lh3.googleusercontent.com/-KlhnIIX9Uy0/AAAAAAAAAAI/AAAAAAAAAAA/0RkRHJYKELU/s44-p-k-no-ns-nd/photo.jpg,,,OPERATIONAL,"{""Monday"": [""10am-6:30pm""], ""Tuesday"": [""10am-6:30pm""], ""Wednesday"": [""10am-6:30pm""], ""Thursday"": [""10am-6:30pm""], ""Friday"": [""10am-6:30pm""], ""Saturday"": [""Closed""], ""Sunday"": [""Closed""]}","Monday,10am,6:30pm|Tuesday,10am,6:30pm|Wednesday,10am,6:30pm|Thursday,10am,6:30pm|Friday,10am,6:30pm",,,,,,,,,,,,,True,115707910812950044275,A Design Co.,https://www.google.com/maps/contrib/115707910812950044275,"https://www.google.com/maps/place/A+Design+Co./@13.0209649,80.25835649999999,14z/data=!4m8!1m2!2m1!1sA+Design+Co.!3m4!1s0x3a52687f46ca6c37:0x1feaeadc6271e7d5!8m2!3d13.0209649!4d80.25835649999999","https://www.google.com/maps/place/A+Design+Co./@13.0209649,80.25835649999999,13.99z/data=!4m16!1m7!3m6!1s0x3a52687f46ca6c37:0x1feaeadc6271e7d5!2sA+Design+Co.!8m2!3d13.0209649!4d80.25835649999999!16s%2Fg%2F11ckvg1dmb!3m7!1s0x3a52687f46ca6c37:0x1feaeadc6271e7d5!8m2!3d13.0209649!4d80.25835649999999!9m1!1b1!16s%2Fg%2F11ckvg1dmb?entry=ttu",ChIJN2zKRn9oUjoR1edxYtzq6h8,0x3a52687f46ca6c37:0x1feaeadc6271e7d5,2.29991E+18,/g/11csp91hzj,2.29991E+18,10,1000000,,ARCHITECTURE_PLANNING,0,ADC,India,Tamil Nadu,Chennai,600004,
"architectural designer, 600028, Chennai, Tamil Nadu, IN",A Design Co.,A Design,"Architect, Architecture firm, Interior designer",Architecture firm,Architect,+91 96772 59939,http://adesignco.in/,"3/20 Bhagirathi street, Srinivasa Ave Rd, Raja Annamalaipuram, Chennai, Tamil Nadu 600028","3/20 Bhagirathi street, Srinivasa Ave Rd","Chennai, Greater Chennai","Bishop Garden, Raja Annamalaipuram",Tamil Nadu,,600028,India,IN,adesignco.in,,,,,,,,,,,,,axx@adesignco.in,INVALID,Invalid SMTP,,,,,,,,,,,,duckduckgo,13.0209649,80.2583565,89618c4f44bffff,Asia/Calcutta,,False,4.9,11,https://search.google.com/local/reviews?placeid=ChIJN2zKRn9oUjoR1edxYtzq6h8&q=*&authuser=0&hl=en&gl=IN,,"{""1"": 0, ""2"": 0, ""3"": 0, ""4"": 1, ""5"": 10}",0,0,0,1,10,12,https://lh3.googleusercontent.com/gps-cs-s/AHRPTWleBZeOPGaVniabap3FzBrx5Is07-lRkHYyfoMnZxL5uVg4-KaMRPYKYcWUoByZ9rOGj6WnXmGagbaB_KYV08qwuWj4pfytqMciyDFEiDOwEgQl1MSKOuaaWui90ENFiTxB8GGyHUoMSD7w=w800-h500-k-no,https://lh3.googleusercontent.com/gps-cs-s/AHRPTWleBZeOPGaVniabap3FzBrx5Is07-lRkHYyfoMnZxL5uVg4-KaMRPYKYcWUoByZ9rOGj6WnXmGagbaB_KYV08qwuWj4pfytqMciyDFEiDOwEgQl1MSKOuaaWui90ENFiTxB8GGyHUoMSD7w=w1600-h1000-k-no,https://lh3.googleusercontent.com/-KlhnIIX9Uy0/AAAAAAAAAAI/AAAAAAAAAAA/0RkRHJYKELU/s44-p-k-no-ns-nd/photo.jpg,,,OPERATIONAL,"{""Monday"": [""10am-6:30pm""], ""Tuesday"": [""10am-6:30pm""], ""Wednesday"": [""10am-6:30pm""], ""Thursday"": [""10am-6:30pm""], ""Friday"": [""10am-6:30pm""], ""Saturday"": [""Closed""], ""Sunday"": [""Closed""]}","Monday,10am,6:30pm|Tuesday,10am,6:30pm|Wednesday,10am,6:30pm|Thursday,10am,6:30pm|Friday,10am,6:30pm",,,,,,,,,,,,,True,115707910812950044275,A Design Co.,https://www.google.com/maps/contrib/115707910812950044275,"https://www.google.com/maps/place/A+Design+Co./@13.0209649,80.25835649999999,14z/data=!4m8!1m2!2m1!1sA+Design+Co.!3m4!1s0x3a52687f46ca6c37:0x1feaeadc6271e7d5!8m2!3d13.0209649!4d80.25835649999999","https://www.google.com/maps/place/A+Design+Co./@13.0209649,80.25835649999999,13.99z/data=!4m16!1m7!3m6!1s0x3a52687f46ca6c37:0x1feaeadc6271e7d5!2sA+Design+Co.!8m2!3d13.0209649!4d80.25835649999999!16s%2Fg%2F11ckvg1dmb!3m7!1s0x3a52687f46ca6c37:0x1feaeadc6271e7d5!8m2!3d13.0209649!4d80.25835649999999!9m1!1b1!16s%2Fg%2F11ckvg1dmb?entry=ttu",ChIJN2zKRn9oUjoR1edxYtzq6h8,0x3a52687f46ca6c37:0x1feaeadc6271e7d5,2.29991E+18,/g/11csp91hzj,2.29991E+18,10,1000000,,ARCHITECTURE_PLANNING,0,ADC,India,Tamil Nadu,Chennai,600004,
"architectural designer, 600028, Chennai, Tamil Nadu, IN",A Design Co.,A Design,"Architect, Architecture firm, Interior designer",Architecture firm,Architect,+91 96772 59939,http://adesignco.in/,"3/20 Bhagirathi street, Srinivasa Ave Rd, Raja Annamalaipuram, Chennai, Tamil Nadu 600028","3/20 Bhagirathi street, Srinivasa Ave Rd","Chennai, Greater Chennai","Bishop Garden, Raja Annamalaipuram",Tamil Nadu,,600028,India,IN,adesignco.in,,,,,,,,,,,,,sxx@adesignco.in,INVALID,Cannot validate,,,,,,,,,,,,duckduckgo,13.0209649,80.2583565,89618c4f44bffff,Asia/Calcutta,,False,4.9,11,https://search.google.com/local/reviews?placeid=ChIJN2zKRn9oUjoR1edxYtzq6h8&q=*&authuser=0&hl=en&gl=IN,,"{""1"": 0, ""2"": 0, ""3"": 0, ""4"": 1, ""5"": 10}",0,0,0,1,10,12,https://lh3.googleusercontent.com/gps-cs-s/AHRPTWleBZeOPGaVniabap3FzBrx5Is07-lRkHYyfoMnZxL5uVg4-KaMRPYKYcWUoByZ9rOGj6WnXmGagbaB_KYV08qwuWj4pfytqMciyDFEiDOwEgQl1MSKOuaaWui90ENFiTxB8GGyHUoMSD7w=w800-h500-k-no,https://lh3.googleusercontent.com/gps-cs-s/AHRPTWleBZeOPGaVniabap3FzBrx5Is07-lRkHYyfoMnZxL5uVg4-KaMRPYKYcWUoByZ9rOGj6WnXmGagbaB_KYV08qwuWj4pfytqMciyDFEiDOwEgQl1MSKOuaaWui90ENFiTxB8GGyHUoMSD7w=w1600-h1000-k-no,https://lh3.googleusercontent.com/-KlhnIIX9Uy0/AAAAAAAAAAI/AAAAAAAAAAA/0RkRHJYKELU/s44-p-k-no-ns-nd/photo.jpg,,,OPERATIONAL,"{""Monday"": [""10am-6:30pm""], ""Tuesday"": [""10am-6:30pm""], ""Wednesday"": [""10am-6:30pm""], ""Thursday"": [""10am-6:30pm""], ""Friday"": [""10am-6:30pm""], ""Saturday"": [""Closed""], ""Sunday"": [""Closed""]}","Monday,10am,6:30pm|Tuesday,10am,6:30pm|Wednesday,10am,6:30pm|Thursday,10am,6:30pm|Friday,10am,6:30pm",,,,,,,,,,,,,True,115707910812950044275,A Design Co.,https://www.google.com/maps/contrib/115707910812950044275,"https://www.google.com/maps/place/A+Design+Co./@13.0209649,80.25835649999999,14z/data=!4m8!1m2!2m1!1sA+Design+Co.!3m4!1s0x3a52687f46ca6c37:0x1feaeadc6271e7d5!8m2!3d13.0209649!4d80.25835649999999","https://www.google.com/maps/place/A+Design+Co./@13.0209649,80.25835649999999,13.99z/data=!4m16!1m7!3m6!1s0x3a52687f46ca6c37:0x1feaeadc6271e7d5!2sA+Design+Co.!8m2!3d13.0209649!4d80.25835649999999!16s%2Fg%2F11ckvg1dmb!3m7!1s0x3a52687f46ca6c37:0x1feaeadc6271e7d5!8m2!3d13.0209649!4d80.25835649999999!9m1!1b1!16s%2Fg%2F11ckvg1dmb?entry=ttu",ChIJN2zKRn9oUjoR1edxYtzq6h8,0x3a52687f46ca6c37:0x1feaeadc6271e7d5,2.29991E+18,/g/11csp91hzj,2.29991E+18,10,1000000,,ARCHITECTURE_PLANNING,0,ADC,India,Tamil Nadu,Chennai,600004,
"architectural designer, 600028, Chennai, Tamil Nadu, IN",Design Quest Architects - Architects In Chennai,Design Quest Architects Architects In Chennai,"Architect, Real Estate Builders & Construction Company",Architect,Architect,+91 98844 74137,http://www.dqarchitects.in/,"2 nd floor, Safaan Square, 109&110, Chamiers Rd, above Amaron Battery shop, Y Block, Teynampet, Chennai, Greater Chennai, Tamil Nadu 600035","2 nd floor, Safaan Square, 109&110, Chamiers Rd, above Amaron Battery shop","Chennai, Greater Chennai","Y Block, Teynampet",Tamil Nadu,,600035,India,IN,dqarchitects.in,,4445054219,04445054219,,https://www.facebook.com/dqarchitects,https://www.instagram.com/designquestarchitects,https://twitter.com/intent/,,,,,,info@dqarchitects.in,RECEIVING,SMTP validated,,,,,,,Architects in Chennai | Residential | Commercial - Design Quest Architects,"Design Quest is one of the top and best architects in Chennai specializing in residential, villas and commercial spaces guided by our expertise team.",WordPress 4.4,,,https://www.dqarchitects.in/architecture-as-a-career/,13.0294542,80.2459632,89618c4f627ffff,Asia/Calcutta,,False,4.2,97,https://search.google.com/local/reviews?placeid=ChIJO-LGLHVnUjoRKBgJil_2AxM&q=*&authuser=0&hl=en&gl=IN,,"{""1"": 12, ""2"": 1, ""3"": 3, ""4"": 19, ""5"": 62}",12,1,3,19,62,16,https://lh3.googleusercontent.com/gps-cs-s/AHRPTWktDMUTru_ZZisFCldWXBCmB3Vw3Hp_GiwSaf1h5g73lEtv6xaVo9fpMozjGp3w5DoltZCmL2ZBzfI-kQCXIyQyYVWylfSfJr-JVhLTeyxnrWF-YakiMO0zZmb4rOCiX7uJW4CP=w800-h500-k-no,https://lh3.googleusercontent.com/gps-cs-s/AHRPTWktDMUTru_ZZisFCldWXBCmB3Vw3Hp_GiwSaf1h5g73lEtv6xaVo9fpMozjGp3w5DoltZCmL2ZBzfI-kQCXIyQyYVWylfSfJr-JVhLTeyxnrWF-YakiMO0zZmb4rOCiX7uJW4CP=w1600-h1000-k-no,https://lh6.googleusercontent.com/-dSHB7S4CYSU/AAAAAAAAAAI/AAAAAAAAAAA/WodYw4rdBuI/s44-p-k-no-ns-nd/photo.jpg,,,OPERATIONAL,"{""Monday"": [""9am-7pm""], ""Tuesday"": [""9am-7pm""], ""Wednesday"": [""9am-7pm""], ""Thursday"": [""9am-7pm""], ""Friday"": [""9am-7pm""], ""Saturday"": [""9am-7pm""], ""Sunday"": [""Closed""]}","Monday,9am,7pm|Tuesday,9am,7pm|Wednesday,9am,7pm|Thursday,9am,7pm|Friday,9am,7pm|Saturday,9am,7pm",,,,,,,,,,"{""Accessibility"": {""Wheelchair-accessible car park"": true, ""Wheelchair-accessible entrance"": true}}",,,True,111155953001158012170,Design Quest Architects - Architects In Chennai,https://www.google.com/maps/contrib/111155953001158012170,"https://www.google.com/maps/place/Design+Quest+Architects+-+Architects+In+Chennai/@13.0294542,80.24596319999999,14z/data=!4m8!1m2!2m1!1sDesign+Quest+Architects+-+Architects+In+Chennai!3m4!1s0x3a5267752cc6e23b:0x1303f65f8a091828!8m2!3d13.0294542!4d80.24596319999999","https://www.google.com/maps/place/Design+Quest+Architects+-+Architects+In+Chennai/@13.0294542,80.24596319999999,13.99z/data=!4m16!1m7!3m6!1s0x3a5267752cc6e23b:0x1303f65f8a091828!2sDesign+Quest+Architects+-+Architects+In+Chennai!8m2!3d13.0294542!4d80.24596319999999!16s%2Fg%2F11ckvg1dmb!3m7!1s0x3a5267752cc6e23b:0x1303f65f8a091828!8m2!3d13.0294542!4d80.24596319999999!9m1!1b1!16s%2Fg%2F11ckvg1dmb?entry=ttu",ChIJO-LGLHVnUjoRKBgJil_2AxM,0x3a5267752cc6e23b:0x1303f65f8a091828,1.37021E+18,/g/11_tt58vv,1.37021E+18,10,1000000,2006,ARCHITECTURE_PLANNING,0,Design Quest,India,Tamil Nadu,Chennai,600025,14 South Avenue
"architectural designer, 600028, Chennai, Tamil Nadu, IN",Design Quest Architects - Architects In Chennai,Design Quest Architects Architects In Chennai,"Architect, Real Estate Builders & Construction Company",Architect,Architect,+91 98844 74137,http://www.dqarchitects.in/,"2 nd floor, Safaan Square, 109&110, Chamiers Rd, above Amaron Battery shop, Y Block, Teynampet, Chennai, Greater Chennai, Tamil Nadu 600035","2 nd floor, Safaan Square, 109&110, Chamiers Rd, above Amaron Battery shop","Chennai, Greater Chennai","Y Block, Teynampet",Tamil Nadu,,600035,India,IN,dqarchitects.in,,4445054219,04445054219,,https://www.facebook.com/dqarchitects,https://www.instagram.com/designquestarchitects,https://twitter.com/intent/,,,,,,jobs@dqarchitects.in,RECEIVING,SMTP validated,,,,,,,Architects in Chennai | Residential | Commercial - Design Quest Architects,"Design Quest is one of the top and best architects in Chennai specializing in residential, villas and commercial spaces guided by our expertise team.",WordPress 4.4,,,https://www.dqarchitects.in/contact-us/,13.0294542,80.2459632,89618c4f627ffff,Asia/Calcutta,,False,4.2,97,https://search.google.com/local/reviews?placeid=ChIJO-LGLHVnUjoRKBgJil_2AxM&q=*&authuser=0&hl=en&gl=IN,,"{""1"": 12, ""2"": 1, ""3"": 3, ""4"": 19, ""5"": 62}",12,1,3,19,62,16,https://lh3.googleusercontent.com/gps-cs-s/AHRPTWktDMUTru_ZZisFCldWXBCmB3Vw3Hp_GiwSaf1h5g73lEtv6xaVo9fpMozjGp3w5DoltZCmL2ZBzfI-kQCXIyQyYVWylfSfJr-JVhLTeyxnrWF-YakiMO0zZmb4rOCiX7uJW4CP=w800-h500-k-no,https://lh3.googleusercontent.com/gps-cs-s/AHRPTWktDMUTru_ZZisFCldWXBCmB3Vw3Hp_GiwSaf1h5g73lEtv6xaVo9fpMozjGp3w5DoltZCmL2ZBzfI-kQCXIyQyYVWylfSfJr-JVhLTeyxnrWF-YakiMO0zZmb4rOCiX7uJW4CP=w1600-h1000-k-no,https://lh6.googleusercontent.com/-dSHB7S4CYSU/AAAAAAAAAAI/AAAAAAAAAAA/WodYw4rdBuI/s44-p-k-no-ns-nd/photo.jpg,,,OPERATIONAL,"{""Monday"": [""9am-7pm""], ""Tuesday"": [""9am-7pm""], ""Wednesday"": [""9am-7pm""], ""Thursday"": [""9am-7pm""], ""Friday"": [""9am-7pm""], ""Saturday"": [""9am-7pm""], ""Sunday"": [""Closed""]}","Monday,9am,7pm|Tuesday,9am,7pm|Wednesday,9am,7pm|Thursday,9am,7pm|Friday,9am,7pm|Saturday,9am,7pm",,,,,,,,,,"{""Accessibility"": {""Wheelchair-accessible car park"": true, ""Wheelchair-accessible entrance"": true}}",,,True,111155953001158012170,Design Quest Architects - Architects In Chennai,https://www.google.com/maps/contrib/111155953001158012170,"https://www.google.com/maps/place/Design+Quest+Architects+-+Architects+In+Chennai/@13.0294542,80.24596319999999,14z/data=!4m8!1m2!2m1!1sDesign+Quest+Architects+-+Architects+In+Chennai!3m4!1s0x3a5267752cc6e23b:0x1303f65f8a091828!8m2!3d13.0294542!4d80.24596319999999","https://www.google.com/maps/place/Design+Quest+Architects+-+Architects+In+Chennai/@13.0294542,80.24596319999999,13.99z/data=!4m16!1m7!3m6!1s0x3a5267752cc6e23b:0x1303f65f8a091828!2sDesign+Quest+Architects+-+Architects+In+Chennai!8m2!3d13.0294542!4d80.24596319999999!16s%2Fg%2F11ckvg1dmb!3m7!1s0x3a5267752cc6e23b:0x1303f65f8a091828!8m2!3d13.0294542!4d80.24596319999999!9m1!1b1!16s%2Fg%2F11ckvg1dmb?entry=ttu",ChIJO-LGLHVnUjoRKBgJil_2AxM,0x3a5267752cc6e23b:0x1303f65f8a091828,1.37021E+18,/g/11_tt58vv,1.37021E+18,10,1000000,2006,ARCHITECTURE_PLANNING,0,Design Quest,India,Tamil Nadu,Chennai,600025,14 South Avenue
"architectural designer, 600028, Chennai, Tamil Nadu, IN",Design Quest Architects - Architects In Chennai,Design Quest Architects Architects In Chennai,"Architect, Real Estate Builders & Construction Company",Architect,Architect,+91 98844 74137,http://www.dqarchitects.in/,"2 nd floor, Safaan Square, 109&110, Chamiers Rd, above Amaron Battery shop, Y Block, Teynampet, Chennai, Greater Chennai, Tamil Nadu 600035","2 nd floor, Safaan Square, 109&110, Chamiers Rd, above Amaron Battery shop","Chennai, Greater Chennai","Y Block, Teynampet",Tamil Nadu,,600035,India,IN,dqarchitects.in,,4445054219,04445054219,,https://www.facebook.com/dqarchitects,https://www.instagram.com/designquestarchitects,https://twitter.com/intent/,,,,,,intern@dqarchitects.in,UNKNOWN,Cannot validate,,,,,,,Architects in Chennai | Residential | Commercial - Design Quest Architects,"Design Quest is one of the top and best architects in Chennai specializing in residential, villas and commercial spaces guided by our expertise team.",WordPress 4.4,,,https://www.dqarchitects.in/contact-us/,13.0294542,80.2459632,89618c4f627ffff,Asia/Calcutta,,False,4.2,97,https://search.google.com/local/reviews?placeid=ChIJO-LGLHVnUjoRKBgJil_2AxM&q=*&authuser=0&hl=en&gl=IN,,"{""1"": 12, ""2"": 1, ""3"": 3, ""4"": 19, ""5"": 62}",12,1,3,19,62,16,https://lh3.googleusercontent.com/gps-cs-s/AHRPTWktDMUTru_ZZisFCldWXBCmB3Vw3Hp_GiwSaf1h5g73lEtv6xaVo9fpMozjGp3w5DoltZCmL2ZBzfI-kQCXIyQyYVWylfSfJr-JVhLTeyxnrWF-YakiMO0zZmb4rOCiX7uJW4CP=w800-h500-k-no,https://lh3.googleusercontent.com/gps-cs-s/AHRPTWktDMUTru_ZZisFCldWXBCmB3Vw3Hp_GiwSaf1h5g73lEtv6xaVo9fpMozjGp3w5DoltZCmL2ZBzfI-kQCXIyQyYVWylfSfJr-JVhLTeyxnrWF-YakiMO0zZmb4rOCiX7uJW4CP=w1600-h1000-k-no,https://lh6.googleusercontent.com/-dSHB7S4CYSU/AAAAAAAAAAI/AAAAAAAAAAA/WodYw4rdBuI/s44-p-k-no-ns-nd/photo.jpg,,,OPERATIONAL,"{""Monday"": [""9am-7pm""], ""Tuesday"": [""9am-7pm""], ""Wednesday"": [""9am-7pm""], ""Thursday"": [""9am-7pm""], ""Friday"": [""9am-7pm""], ""Saturday"": [""9am-7pm""], ""Sunday"": [""Closed""]}","Monday,9am,7pm|Tuesday,9am,7pm|Wednesday,9am,7pm|Thursday,9am,7pm|Friday,9am,7pm|Saturday,9am,7pm",,,,,,,,,,"{""Accessibility"": {""Wheelchair-accessible car park"": true, ""Wheelchair-accessible entrance"": true}}",,,True,111155953001158012170,Design Quest Architects - Architects In Chennai,https://www.google.com/maps/contrib/111155953001158012170,"https://www.google.com/maps/place/Design+Quest+Architects+-+Architects+In+Chennai/@13.0294542,80.24596319999999,14z/data=!4m8!1m2!2m1!1sDesign+Quest+Architects+-+Architects+In+Chennai!3m4!1s0x3a5267752cc6e23b:0x1303f65f8a091828!8m2!3d13.0294542!4d80.24596319999999","https://www.google.com/maps/place/Design+Quest+Architects+-+Architects+In+Chennai/@13.0294542,80.24596319999999,13.99z/data=!4m16!1m7!3m6!1s0x3a5267752cc6e23b:0x1303f65f8a091828!2sDesign+Quest+Architects+-+Architects+In+Chennai!8m2!3d13.0294542!4d80.24596319999999!16s%2Fg%2F11ckvg1dmb!3m7!1s0x3a5267752cc6e23b:0x1303f65f8a091828!8m2!3d13.0294542!4d80.24596319999999!9m1!1b1!16s%2Fg%2F11ckvg1dmb?entry=ttu",ChIJO-LGLHVnUjoRKBgJil_2AxM,0x3a5267752cc6e23b:0x1303f65f8a091828,1.37021E+18,/g/11_tt58vv,1.37021E+18,10,1000000,2006,ARCHITECTURE_PLANNING,0,Design Quest,India,Tamil Nadu,Chennai,600025,14 South Avenue
"architectural designer, 600028, Chennai, Tamil Nadu, IN",The Madras Office For Architects & Designers,The Madras Office For Architects And Designers,Architect,Architect,Architect,+91 44 2445 4827,http://www.moad.in/,"94, Kamaraj Ave 2nd St, Venkata Rathnam Nagar Extension, Venkata Rathinam Nagar, Adyar, Chennai, Greater Chennai, Tamil Nadu 600020","94, Kamaraj Ave 2nd St","Chennai, Greater Chennai","Venkata Rathnam Nagar Extension, Venkata Rathinam Nagar, Adyar",Tamil Nadu,,600020,India,IN,moad.in,,,,,,,,,,,,,info@moad.in,RECEIVING,SMTP validated,,,,,,,,,,,,google,13.0015748,80.2526754,89618c4f4bbffff,Asia/Calcutta,,False,4.7,42,https://search.google.com/local/reviews?placeid=ChIJvcTbdtZlUjoRwXCvPASw3qw&q=*&authuser=0&hl=en&gl=IN,,"{""1"": 0, ""2"": 1, ""3"": 1, ""4"": 9, ""5"": 31}",0,1,1,9,31,10,https://lh3.googleusercontent.com/gps-cs-s/AHRPTWndsPU5LGOJWsLHOFexZ5ZclCWSG372MZ0lfHRo5hTLs7dbMuM97n0Wt4P9PHibazks8sXSnSjW3A755gjFfnabqZVwbsiTc80Tp706zgAYb29v0ubFrD4T8_GBi_pp1rJx2F_G=w800-h500-k-no,https://lh3.googleusercontent.com/gps-cs-s/AHRPTWndsPU5LGOJWsLHOFexZ5ZclCWSG372MZ0lfHRo5hTLs7dbMuM97n0Wt4P9PHibazks8sXSnSjW3A755gjFfnabqZVwbsiTc80Tp706zgAYb29v0ubFrD4T8_GBi_pp1rJx2F_G=w1600-h1000-k-no,https://lh6.googleusercontent.com/-zyHdSiFPaZU/AAAAAAAAAAI/AAAAAAAAAAA/84mTYUjqDog/s44-p-k-no-ns-nd/photo.jpg,,,OPERATIONAL,"{""Monday"": [""9:30am-6pm""], ""Tuesday"": [""9:30am-6pm""], ""Wednesday"": [""9:30am-6pm""], ""Thursday"": [""9:30am-6pm""], ""Friday"": [""9:30am-6pm""], ""Saturday"": [""9:30am-6pm""], ""Sunday"": [""Closed""]}","Monday,9:30am,6pm|Tuesday,9:30am,6pm|Wednesday,9:30am,6pm|Thursday,9:30am,6pm|Friday,9:30am,6pm|Saturday,9:30am,6pm",,,,,,,,,,,,,True,111994610082232068450,The Madras Office For Architects & Designers,https://www.google.com/maps/contrib/111994610082232068450,"https://www.google.com/maps/place/The+Madras+Office+For+Architects+%26+Designers/@13.0015748,80.2526754,14z/data=!4m8!1m2!2m1!1sThe+Madras+Office+For+Architects+%26+Designers!3m4!1s0x3a5265d676dbc4bd:0xacdeb0043caf70c1!8m2!3d13.0015748!4d80.2526754","https://www.google.com/maps/place/The+Madras+Office+For+Architects+%26+Designers/@13.0015748,80.2526754,13.99z/data=!4m16!1m7!3m6!1s0x3a5265d676dbc4bd:0xacdeb0043caf70c1!2sThe+Madras+Office+For+Architects+%26+Designers!8m2!3d13.0015748!4d80.2526754!16s%2Fg%2F11ckvg1dmb!3m7!1s0x3a5265d676dbc4bd:0xacdeb0043caf70c1!8m2!3d13.0015748!4d80.2526754!9m1!1b1!16s%2Fg%2F11ckvg1dmb?entry=ttu",ChIJvcTbdtZlUjoRwXCvPASw3qw,0x3a5265d676dbc4bd:0xacdeb0043caf70c1,1.24566E+19,/g/1v2jbbp4,-5.99016E+18,10,10000000,2004,ARCHITECTURE_PLANNING,0,The Madras Office for Architects and Designers,India,,,,
"architectural designer, 600028, Chennai, Tamil Nadu, IN",Arkie Atelier Design India Private Limited,Arkie Atelier Design India Private Limited,"Architect, Architecture firm, Interior architect office",Architecture firm,Architect,+91 44 4314 2200,http://www.aadindia.com/,"6, Venus Colony 2nd St, Venus Colony, Alwarpet, Chennai, Greater Chennai, Tamil Nadu 600018","6, Venus Colony 2nd St","Chennai, Greater Chennai","Venus Colony, Alwarpet",Tamil Nadu,,600018,India,IN,aadindia.com,,4443142200,04443142200,https://www.linkedin.com/company/aad-architects-india/,https://www.facebook.com/AADArchitects/,,https://twitter.com/AADArch_India,https://www.youtube.com/channel/UC2sz410GTJFepsj_OVs5LVQ,,,,,info@aadindia.com,RECEIVING,SMTP validated,,,,,,,Architecture Design for Home | Interior Design Consultation Services,Aadindia Architecture And Interior Design Consultation Services Provide Proactive Problem Solving Solutions For Architecture Design for Home and other sectors.,,1,0,http://aadindia.com/contact_us,13.0397112,80.254701,89618c4f663ffff,Asia/Calcutta,,False,4.5,64,https://search.google.com/local/reviews?placeid=ChIJM9KX_bRnUjoR2x_m1KgNtjE&q=*&authuser=0&hl=en&gl=IN,,"{""1"": 2, ""2"": 1, ""3"": 2, ""4"": 15, ""5"": 44}",2,1,2,15,44,6,https://lh3.googleusercontent.com/gps-cs-s/AHRPTWk9WIElJ61jGXmkATT6YYwNZf4McMOA4jldE-sPFAsrwjsQqh0mXuJbnLP8HIVboL4IP1P1_xs4usUQ5mgp0_M8OY1wevtfSOHr5CuC5t90nElCGATpKnvw4NK_Fu5h6_Q6vNY=w800-h500-k-no,https://lh3.googleusercontent.com/gps-cs-s/AHRPTWk9WIElJ61jGXmkATT6YYwNZf4McMOA4jldE-sPFAsrwjsQqh0mXuJbnLP8HIVboL4IP1P1_xs4usUQ5mgp0_M8OY1wevtfSOHr5CuC5t90nElCGATpKnvw4NK_Fu5h6_Q6vNY=w1600-h1000-k-no,https://lh5.googleusercontent.com/-e6GKrfcPEuY/AAAAAAAAAAI/AAAAAAAAAAA/RIx5i5klMdU/s44-p-k-no-ns-nd/photo.jpg,,,OPERATIONAL,"{""Monday"": [""9:30am-6pm""], ""Tuesday"": [""10am-6pm""], ""Wednesday"": [""10am-6pm""], ""Thursday"": [""10am-6pm""], ""Friday"": [""10am-6pm""], ""Saturday"": [""10am-6pm""], ""Sunday"": [""Closed""]}","Monday,9:30am,6pm|Tuesday,10am,6pm|Wednesday,10am,6pm|Thursday,10am,6pm|Friday,10am,6pm|Saturday,10am,6pm",,,,,,,,,,,,,True,113042830537922381056,Arkie Atelier Design India Private Limited,https://www.google.com/maps/contrib/113042830537922381056,"https://www.google.com/maps/place/Arkie+Atelier+Design+India+Private+Limited/@13.0397112,80.254701,14z/data=!4m8!1m2!2m1!1sArkie+Atelier+Design+India+Private+Limited!3m4!1s0x3a5267b4fd97d233:0x31b60da8d4e61fdb!8m2!3d13.0397112!4d80.254701","https://www.google.com/maps/place/Arkie+Atelier+Design+India+Private+Limited/@13.0397112,80.254701,13.99z/data=!4m16!1m7!3m6!1s0x3a5267b4fd97d233:0x31b60da8d4e61fdb!2sArkie+Atelier+Design+India+Private+Limited!8m2!3d13.0397112!4d80.254701!16s%2Fg%2F11ckvg1dmb!3m7!1s0x3a5267b4fd97d233:0x31b60da8d4e61fdb!8m2!3d13.0397112!4d80.254701!9m1!1b1!16s%2Fg%2F11ckvg1dmb?entry=ttu",ChIJM9KX_bRnUjoR2x_m1KgNtjE,0x3a5267b4fd97d233:0x31b60da8d4e61fdb,3.58207E+18,/g/1tj99f87,3.58207E+18,10,1000000,1992,ARCHITECTURE_PLANNING,0,AAD India,India,Tamil Nadu,Chennai,600018,6 Venus Colony 2nd Street
"architectural designer, 600028, Chennai, Tamil Nadu, IN",Midori Architects,Midori Architects,"Architecture firm, Architectural designer, Interior designer, Landscape architect",Architecture firm,Architecture firm,+91 98400 78665,http://midoriarchitects.com/,"No. 132, Flat A0, Whispering Heights, St Marys Rd, Demonte Colony, Alwarpet, Chennai, Greater Chennai, Tamil Nadu 600018","No. 132, Flat A0, Whispering Heights, St Marys Rd","Chennai, Greater Chennai","Demonte Colony, Alwarpet",Tamil Nadu,,600018,India,IN,midoriarchitects.com,,914448633311,"914448633311, 919840078665",,https://www.facebook.com/Midori-Architects-2009378772620460/,https://www.instagram.com/midori_architects,https://twitter.com/midoriarchitect,,,,,,career@midoriarchitects.com,RECEIVING,SMTP validated,,,,,,,Midori Architects - Architects In Chennai | Interior Designers In Chennai,"Midori Architects is an award winning, and one of the best Interiors Designers and architecture firms in Chennai.",WordPress 5.5.10,0,0,https://www.midoriarchitects.com/contact-us/,13.029391,80.2530098,89618c4f633ffff,Asia/Calcutta,,False,4.7,43,https://search.google.com/local/reviews?placeid=ChIJ2YUdQLZnUjoRqdy-ijR5AYo&q=*&authuser=0&hl=en&gl=IN,,"{""1"": 1, ""2"": 0, ""3"": 1, ""4"": 5, ""5"": 36}",1,0,1,5,36,54,https://lh3.googleusercontent.com/gps-cs-s/AHRPTWnZ1SN7zBCGBAJlU6OjocFnqUnjoFO0kb0XF-Ig9OwN9pcvQ7J6wmMgC41q9YpH06zAhjeJXKzD-s_hxD4wfMqK6q2OOmXhRjzhdanCMLEVbzK1Nsj-ynyOYpc-HDEX6U8T6qKOvA=w800-h500-k-no,https://lh3.googleusercontent.com/gps-cs-s/AHRPTWnZ1SN7zBCGBAJlU6OjocFnqUnjoFO0kb0XF-Ig9OwN9pcvQ7J6wmMgC41q9YpH06zAhjeJXKzD-s_hxD4wfMqK6q2OOmXhRjzhdanCMLEVbzK1Nsj-ynyOYpc-HDEX6U8T6qKOvA=w1600-h1000-k-no,https://lh3.googleusercontent.com/-5-FJO9yM40I/AAAAAAAAAAI/AAAAAAAAAAA/uExGJn1nF8U/s44-p-k-no-ns-nd/photo.jpg,,,OPERATIONAL,"{""Monday"": [""9am-7pm""], ""Tuesday"": [""9am-7pm""], ""Wednesday"": [""9am-7pm""], ""Thursday"": [""9am-7pm""], ""Friday"": [""9am-7pm""], ""Saturday"": [""10am-12pm""], ""Sunday"": [""Closed""]}","Monday,9am,7pm|Tuesday,9am,7pm|Wednesday,9am,7pm|Thursday,9am,7pm|Friday,9am,7pm|Saturday,10am,12pm",,,,,,,,,,"{""From the business"": {""Identifies as women-owned"": true}, ""Service options"": {""Online appointments"": true, ""On-site services"": true}, ""Other"": {""Identifies as women-owned"": true}}",,,True,112197765408617337284,Midori Architects,https://www.google.com/maps/contrib/112197765408617337284,"https://www.google.com/maps/place/Midori+Architects/@13.029390999999999,80.2530098,14z/data=!4m8!1m2!2m1!1sMidori+Architects!3m4!1s0x3a5267b6401d85d9:0x8a0179348abedca9!8m2!3d13.029390999999999!4d80.2530098","https://www.google.com/maps/place/Midori+Architects/@13.029390999999999,80.2530098,13.99z/data=!4m16!1m7!3m6!1s0x3a5267b6401d85d9:0x8a0179348abedca9!2sMidori+Architects!8m2!3d13.029390999999999!4d80.2530098!16s%2Fg%2F11ckvg1dmb!3m7!1s0x3a5267b6401d85d9:0x8a0179348abedca9!8m2!3d13.029390999999999!4d80.2530098!9m1!1b1!16s%2Fg%2F11ckvg1dmb?entry=ttu",ChIJ2YUdQLZnUjoRqdy-ijR5AYo,0x3a5267b6401d85d9:0x8a0179348abedca9,9.94436E+18,/g/11cmydg9jx,-8.50238E+18,,,,ARCHITECTURE_PLANNING,0,Midori Architects,India,Tamil Nadu,Chennai,600028,
"architectural designer, 600028, Chennai, Tamil Nadu, IN",Midori Architects,Midori Architects,"Architecture firm, Architectural designer, Interior designer, Landscape architect",Architecture firm,Architecture firm,+91 98400 78665,http://midoriarchitects.com/,"No. 132, Flat A0, Whispering Heights, St Marys Rd, Demonte Colony, Alwarpet, Chennai, Greater Chennai, Tamil Nadu 600018","No. 132, Flat A0, Whispering Heights, St Marys Rd","Chennai, Greater Chennai","Demonte Colony, Alwarpet",Tamil Nadu,,600018,India,IN,midoriarchitects.com,,914448633311,"914448633311, 919840078665",,https://www.facebook.com/Midori-Architects-2009378772620460/,https://www.instagram.com/midori_architects,https://twitter.com/midoriarchitect,,,,,,enquiry@midoriarchitects.com,INVALID,Invalid SMTP,,,,,,,Midori Architects - Architects In Chennai | Interior Designers In Chennai,"Midori Architects is an award winning, and one of the best Interiors Designers and architecture firms in Chennai.",WordPress 5.5.10,0,0,https://www.midoriarchitects.com/contact-us/,13.029391,80.2530098,89618c4f633ffff,Asia/Calcutta,,False,4.7,43,https://search.google.com/local/reviews?placeid=ChIJ2YUdQLZnUjoRqdy-ijR5AYo&q=*&authuser=0&hl=en&gl=IN,,"{""1"": 1, ""2"": 0, ""3"": 1, ""4"": 5, ""5"": 36}",1,0,1,5,36,54,https://lh3.googleusercontent.com/gps-cs-s/AHRPTWnZ1SN7zBCGBAJlU6OjocFnqUnjoFO0kb0XF-Ig9OwN9pcvQ7J6wmMgC41q9YpH06zAhjeJXKzD-s_hxD4wfMqK6q2OOmXhRjzhdanCMLEVbzK1Nsj-ynyOYpc-HDEX6U8T6qKOvA=w800-h500-k-no,https://lh3.googleusercontent.com/gps-cs-s/AHRPTWnZ1SN7zBCGBAJlU6OjocFnqUnjoFO0kb0XF-Ig9OwN9pcvQ7J6wmMgC41q9YpH06zAhjeJXKzD-s_hxD4wfMqK6q2OOmXhRjzhdanCMLEVbzK1Nsj-ynyOYpc-HDEX6U8T6qKOvA=w1600-h1000-k-no,https://lh3.googleusercontent.com/-5-FJO9yM40I/AAAAAAAAAAI/AAAAAAAAAAA/uExGJn1nF8U/s44-p-k-no-ns-nd/photo.jpg,,,OPERATIONAL,"{""Monday"": [""9am-7pm""], ""Tuesday"": [""9am-7pm""], ""Wednesday"": [""9am-7pm""], ""Thursday"": [""9am-7pm""], ""Friday"": [""9am-7pm""], ""Saturday"": [""10am-12pm""], ""Sunday"": [""Closed""]}","Monday,9am,7pm|Tuesday,9am,7pm|Wednesday,9am,7pm|Thursday,9am,7pm|Friday,9am,7pm|Saturday,10am,12pm",,,,,,,,,,"{""From the business"": {""Identifies as women-owned"": true}, ""Service options"": {""Online appointments"": true, ""On-site services"": true}, ""Other"": {""Identifies as women-owned"": true}}",,,True,112197765408617337284,Midori Architects,https://www.google.com/maps/contrib/112197765408617337284,"https://www.google.com/maps/place/Midori+Architects/@13.029390999999999,80.2530098,14z/data=!4m8!1m2!2m1!1sMidori+Architects!3m4!1s0x3a5267b6401d85d9:0x8a0179348abedca9!8m2!3d13.029390999999999!4d80.2530098","https://www.google.com/maps/place/Midori+Architects/@13.029390999999999,80.2530098,13.99z/data=!4m16!1m7!3m6!1s0x3a5267b6401d85d9:0x8a0179348abedca9!2sMidori+Architects!8m2!3d13.029390999999999!4d80.2530098!16s%2Fg%2F11ckvg1dmb!3m7!1s0x3a5267b6401d85d9:0x8a0179348abedca9!8m2!3d13.029390999999999!4d80.2530098!9m1!1b1!16s%2Fg%2F11ckvg1dmb?entry=ttu",ChIJ2YUdQLZnUjoRqdy-ijR5AYo,0x3a5267b6401d85d9:0x8a0179348abedca9,9.94436E+18,/g/11cmydg9jx,-8.50238E+18,,,,ARCHITECTURE_PLANNING,0,Midori Architects,India,Tamil Nadu,Chennai,600028,
"architectural designer, 600028, Chennai, Tamil Nadu, IN",Midori Architects,Midori Architects,"Architecture firm, Architectural designer, Interior designer, Landscape architect",Architecture firm,Architecture firm,+91 98400 78665,http://midoriarchitects.com/,"No. 132, Flat A0, Whispering Heights, St Marys Rd, Demonte Colony, Alwarpet, Chennai, Greater Chennai, Tamil Nadu 600018","No. 132, Flat A0, Whispering Heights, St Marys Rd","Chennai, Greater Chennai","Demonte Colony, Alwarpet",Tamil Nadu,,600018,India,IN,midoriarchitects.com,,914448633311,"914448633311, 919840078665",,https://www.facebook.com/Midori-Architects-2009378772620460/,https://www.instagram.com/midori_architects,https://twitter.com/midoriarchitect,,,,,,info@midoriarchitects.com,RECEIVING,SMTP validated,,,,,,,Midori Architects - Architects In Chennai | Interior Designers In Chennai,"Midori Architects is an award winning, and one of the best Interiors Designers and architecture firms in Chennai.",WordPress 5.5.10,0,0,https://www.midoriarchitects.com/contact-us/,13.029391,80.2530098,89618c4f633ffff,Asia/Calcutta,,False,4.7,43,https://search.google.com/local/reviews?placeid=ChIJ2YUdQLZnUjoRqdy-ijR5AYo&q=*&authuser=0&hl=en&gl=IN,,"{""1"": 1, ""2"": 0, ""3"": 1, ""4"": 5, ""5"": 36}",1,0,1,5,36,54,https://lh3.googleusercontent.com/gps-cs-s/AHRPTWnZ1SN7zBCGBAJlU6OjocFnqUnjoFO0kb0XF-Ig9OwN9pcvQ7J6wmMgC41q9YpH06zAhjeJXKzD-s_hxD4wfMqK6q2OOmXhRjzhdanCMLEVbzK1Nsj-ynyOYpc-HDEX6U8T6qKOvA=w800-h500-k-no,https://lh3.googleusercontent.com/gps-cs-s/AHRPTWnZ1SN7zBCGBAJlU6OjocFnqUnjoFO0kb0XF-Ig9OwN9pcvQ7J6wmMgC41q9YpH06zAhjeJXKzD-s_hxD4wfMqK6q2OOmXhRjzhdanCMLEVbzK1Nsj-ynyOYpc-HDEX6U8T6qKOvA=w1600-h1000-k-no,https://lh3.googleusercontent.com/-5-FJO9yM40I/AAAAAAAAAAI/AAAAAAAAAAA/uExGJn1nF8U/s44-p-k-no-ns-nd/photo.jpg,,,OPERATIONAL,"{""Monday"": [""9am-7pm""], ""Tuesday"": [""9am-7pm""], ""Wednesday"": [""9am-7pm""], ""Thursday"": [""9am-7pm""], ""Friday"": [""9am-7pm""], ""Saturday"": [""10am-12pm""], ""Sunday"": [""Closed""]}","Monday,9am,7pm|Tuesday,9am,7pm|Wednesday,9am,7pm|Thursday,9am,7pm|Friday,9am,7pm|Saturday,10am,12pm",,,,,,,,,,"{""From the business"": {""Identifies as women-owned"": true}, ""Service options"": {""Online appointments"": true, ""On-site services"": true}, ""Other"": {""Identifies as women-owned"": true}}",,,True,112197765408617337284,Midori Architects,https://www.google.com/maps/contrib/112197765408617337284,"https://www.google.com/maps/place/Midori+Architects/@13.029390999999999,80.2530098,14z/data=!4m8!1m2!2m1!1sMidori+Architects!3m4!1s0x3a5267b6401d85d9:0x8a0179348abedca9!8m2!3d13.029390999999999!4d80.2530098","https://www.google.com/maps/place/Midori+Architects/@13.029390999999999,80.2530098,13.99z/data=!4m16!1m7!3m6!1s0x3a5267b6401d85d9:0x8a0179348abedca9!2sMidori+Architects!8m2!3d13.029390999999999!4d80.2530098!16s%2Fg%2F11ckvg1dmb!3m7!1s0x3a5267b6401d85d9:0x8a0179348abedca9!8m2!3d13.029390999999999!4d80.2530098!9m1!1b1!16s%2Fg%2F11ckvg1dmb?entry=ttu",ChIJ2YUdQLZnUjoRqdy-ijR5AYo,0x3a5267b6401d85d9:0x8a0179348abedca9,9.94436E+18,/g/11cmydg9jx,-8.50238E+18,,,,ARCHITECTURE_PLANNING,0,Midori Architects,India,Tamil Nadu,Chennai,600028,
"architectural designer, 600028, Chennai, Tamil Nadu, IN",Ansari Architects,Ansari Architects,"Architect, Architectural designer, Architecture firm, Interior architect office, Interior Decorator, Interior designer",Architect,Architect,+91 82489 14643,http://www.ansariandassociates.com/,"Ansari One Building 1/1 Habibullah Rd, 3rd St, near Nadigar Sangam, opp. Ambur Canteen, T. Nagar, Chennai, Tamil Nadu 600017","Ansari One Building 1/1 Habibullah Rd, 3rd St, near Nadigar Sangam, opp. Ambur Canteen","Chennai, Greater Chennai","Gangai Karai Puram, T. Nagar",Tamil Nadu,,600017,India,IN,ansariandassociates.com,ansari architects chennai india,,,https://www.linkedin.com/company/ansari-architects-chennai---india,https://www.facebook.com/Ansari.Architects.Chennai,,https://twitter.com/dameem2,https://www.youtube.com/channel/UCBIdq06hfl1oYRAfT9q36Pw,,,,,architect@ansariandassociates.com,RECEIVING,SMTP validated,,,,,,,Ansari Architects Chennai. High End Residential Homes and Luxury Interiors are Our Specialisation. Architects and Interior designers in Chennai,"Ansari Architects Chennai, Award Winning Architectural Firm Specialising in High-End Homes and Villas, Considered one of the Best Architect Offices in Chennai and Top Residential Architects",,0,0,http://ansariandassociates.com/contact.html,13.0491381,80.2447009,89618c4f21bffff,Asia/Calcutta,,False,4.8,617,https://search.google.com/local/reviews?placeid=ChIJ96k0MEVmUjoRptxWAd5nq54&q=*&authuser=0&hl=en&gl=IN,,"{""1"": 15, ""2"": 4, ""3"": 4, ""4"": 15, ""5"": 579}",15,4,4,15,579,28,https://lh3.googleusercontent.com/gps-cs-s/AHRPTWmdP13vbr7_95qVIE_nqfsnQHcghke52EaZfH0-4By7g5-LpbvQTnG2-hZ3KoVt8DpmrRlDBqdNdXuk5bVglWyBlfrHm4TOpkALtf7xqtcUVqGVeg1REji6zKrOY1ennxSNhSzu=w800-h500-k-no,https://lh3.googleusercontent.com/gps-cs-s/AHRPTWmdP13vbr7_95qVIE_nqfsnQHcghke52EaZfH0-4By7g5-LpbvQTnG2-hZ3KoVt8DpmrRlDBqdNdXuk5bVglWyBlfrHm4TOpkALtf7xqtcUVqGVeg1REji6zKrOY1ennxSNhSzu=w1600-h1000-k-no,https://lh5.googleusercontent.com/-vo9JpWiy7qM/AAAAAAAAAAI/AAAAAAAAAAA/1K8PLfzGB1E/s44-p-k-no-ns-nd/photo.jpg,,,OPERATIONAL,"{""Monday"": [""9:30am-6:30pm""], ""Tuesday"": [""9:30am-6:30pm""], ""Wednesday"": [""9:30am-6:30pm""], ""Thursday"": [""9:30am-6:30pm""], ""Friday"": [""9:30am-6:30pm""], ""Saturday"": [""9:30am-2:30pm""], ""Sunday"": [""Closed""]}","Monday,9:30am,6:30pm|Tuesday,9:30am,6:30pm|Wednesday,9:30am,6:30pm|Thursday,9:30am,6:30pm|Friday,9:30am,6:30pm|Saturday,9:30am,2:30pm",,,,,,,,,,"{""Service options"": {""On-site services"": true, ""Online appointments"": false}, ""Amenities"": {""Gender-neutral toilets"": true}, ""Planning"": {""Appointment required"": true}, ""Parking"": {""On-site parking"": true}}","Specialist, since 1995 in designing luxury villas and homes, plus interiors and building construction.",,True,102339474678389388520,Ansari Architects,https://www.google.com/maps/contrib/102339474678389388520,"https://www.google.com/maps/place/Ansari+Architects/@13.049138099999999,80.2447009,14z/data=!4m8!1m2!2m1!1sAnsari+Architects!3m4!1s0x3a5266453034a9f7:0x9eab67de0156dca6!8m2!3d13.049138099999999!4d80.2447009","https://www.google.com/maps/place/Ansari+Architects/@13.049138099999999,80.2447009,13.99z/data=!4m16!1m7!3m6!1s0x3a5266453034a9f7:0x9eab67de0156dca6!2sAnsari+Architects!8m2!3d13.049138099999999!4d80.2447009!16s%2Fg%2F11ckvg1dmb!3m7!1s0x3a5266453034a9f7:0x9eab67de0156dca6!8m2!3d13.049138099999999!4d80.2447009!9m1!1b1!16s%2Fg%2F11ckvg1dmb?entry=ttu",ChIJ96k0MEVmUjoRptxWAd5nq54,0x3a5266453034a9f7:0x9eab67de0156dca6,1.14333E+19,/g/1v5_7vsx,-7.0134E+18,50,10000000,,ARCHITECTURE_PLANNING,0,Ansari And Associates,India,Tamil Nadu,Chennai,600017,7 Habibullah Road
"architectural designer, 600028, Chennai, Tamil Nadu, IN",D.L.E.A,D L E A,"Architect, Architecture firm, Architectural designer, Interior architect office, Interior designer",Architecture firm,Architect,+91 97909 68281,http://www.dlea.in/,"Flat No.16/1, Malavia Apartments, Malavia Ave, next to Euro Kids School, Subramaniam Colony, Thiruvanmiyur, Chennai, Greater Chennai, Tamil Nadu 600041","Flat No.16/1, Malavia Apartments, Malavia Ave, next to Euro Kids School","Chennai, Greater Chennai","Subramaniam Colony, Thiruvanmiyur",Tamil Nadu,,600041,India,IN,dlea.in,DLEA ,919790968280,"919790968280, 919790968281",,https://www.facebook.com/DesignlabEA,https://www.instagram.com/d.l_e.a,,https://www.youtube.com/channel/UCYxatyYmxrbmozwGkv1Y2-A/,,,,,dlea.desk@gmail.com,RECEIVING,Verified,,,,,,,DLEA - Best Architects in Chennai | Top Residential Architects,"DLEA is a Chennai based architecture firm, having the best award-winning architects working on areas of individual residential houses, villas, apartments, commercial office interior designs, malls, hotels & restaurants, marriage halls, Institutional schools & colleges with an attractive architectural design that makes your dream comes true.",Skyguts-dlea v.,1,0,https://www.facebook.com/DesignlabEA,12.9957351,80.2573308,89618c41b5bffff,Asia/Calcutta,,False,4.8,85,https://search.google.com/local/reviews?placeid=ChIJU7su8AheUjoRaWj6vQgcWgQ&q=*&authuser=0&hl=en&gl=IN,,"{""1"": 2, ""2"": 0, ""3"": 1, ""4"": 6, ""5"": 76}",2,0,1,6,76,45,https://lh3.googleusercontent.com/gps-cs-s/AHRPTWmBIp9L2xYZ3rA5pSrBkZt2b1i7O5o0k8rhWNhLWjemkvZEVooqe1SJDwnHt3CTnOfg4z3z5Sda7kFyjvcq2mhXA6b3yemOAoueRZm2PfihoVSZTDaEiL32_nVdpQe1IUrtJhXQZg=w800-h500-k-no,https://lh3.googleusercontent.com/gps-cs-s/AHRPTWmBIp9L2xYZ3rA5pSrBkZt2b1i7O5o0k8rhWNhLWjemkvZEVooqe1SJDwnHt3CTnOfg4z3z5Sda7kFyjvcq2mhXA6b3yemOAoueRZm2PfihoVSZTDaEiL32_nVdpQe1IUrtJhXQZg=w1600-h1000-k-no,https://lh5.googleusercontent.com/--FiJESOU_Gg/AAAAAAAAAAI/AAAAAAAAAAA/7rJkSutM7iM/s44-p-k-no-ns-nd/photo.jpg,,,OPERATIONAL,"{""Monday"": [""9:30am-6:30pm""], ""Tuesday"": [""9:30am-6:30pm""], ""Wednesday"": [""9:30am-6:30pm""], ""Thursday"": [""9:30am-6:30pm""], ""Friday"": [""9:30am-6:30pm""], ""Saturday"": [""Closed""], ""Sunday"": [""Closed""]}","Monday,9:30am,6:30pm|Tuesday,9:30am,6:30pm|Wednesday,9:30am,6:30pm|Thursday,9:30am,6:30pm|Friday,9:30am,6:30pm",,,,,,,,,,"{""Service options"": {""Online appointments"": true, ""On-site services"": true}, ""Accessibility"": {""Wheelchair-accessible entrance"": false}, ""Amenities"": {""Gender-neutral toilets"": true}, ""Crowd"": {""LGBTQ+ friendly"": true}, ""Planning"": {""Appointment required"": true}, ""Parking"": {""On-site parking"": true}, ""Other"": {""LGBTQ+ friendly"": true}}",,,True,100812196486699692374,D.L.E.A,https://www.google.com/maps/contrib/100812196486699692374,"https://www.google.com/maps/place/D.L.E.A/@12.9957351,80.25733079999999,14z/data=!4m8!1m2!2m1!1sD.L.E.A!3m4!1s0x3a525e08f02ebb53:0x45a1c08bdfa6869!8m2!3d12.9957351!4d80.25733079999999","https://www.google.com/maps/place/D.L.E.A/@12.9957351,80.25733079999999,13.99z/data=!4m16!1m7!3m6!1s0x3a525e08f02ebb53:0x45a1c08bdfa6869!2sD.L.E.A!8m2!3d12.9957351!4d80.25733079999999!16s%2Fg%2F11ckvg1dmb!3m7!1s0x3a525e08f02ebb53:0x45a1c08bdfa6869!8m2!3d12.9957351!4d80.25733079999999!9m1!1b1!16s%2Fg%2F11ckvg1dmb?entry=ttu",ChIJU7su8AheUjoRaWj6vQgcWgQ,0x3a525e08f02ebb53:0x45a1c08bdfa6869,3.13594E+17,/g/11bwc1d1vy,3.13594E+17,10,1000000,2009,ARCHITECTURE_PLANNING,0,DLEA,India,Tamil Nadu,Chennai,600061,
"architectural designer, 600028, Chennai, Tamil Nadu, IN",Cheralathan Associates,Cheralathan Associates,Architect,Architect,Architect,+91 44 2495 7993,http://www.carch.in/,"13, Shanti Enclave, 25, Venkatakrishna Rd, Perumal Koil Thottam, Ramakrishna Nagar, Raja Annamalaipuram, Chennai, Greater Chennai, Tamil Nadu 600028","13, Shanti Enclave, 25, Venkatakrishna Rd","Chennai, Greater Chennai","Perumal Koil Thottam, Ramakrishna Nagar, Raja Annamalaipuram",Tamil Nadu,,600028,India,IN,carch.in,,,,,,,,,,,,,carch@carch.in,RECEIVING,SMTP validated,,,,,,,"CHERALATHAN ASSOCIATES - ARCHITECTURE, INTERIORS and LANDSCAPE",,,0,0,https://carch.in/contact.html,13.0264445,80.2610466,89618c4f68fffff,Asia/Calcutta,,False,4.7,122,https://search.google.com/local/reviews?placeid=ChIJO7OpoCphUjoR67WdNO2BYx8&q=*&authuser=0&hl=en&gl=IN,,"{""1"": 1, ""2"": 1, ""3"": 5, ""4"": 21, ""5"": 94}",1,1,5,21,94,4,https://lh3.googleusercontent.com/gps-cs-s/AHRPTWkkrwfMaRZ264juFvmFlnZt2Q7pqYILZzO9FxfYR7ahKMPC8Ux-5TW_0hIyvnljQD4zruG-JRVA9sqL2PG44WX42CW_CthS8tu6Yf5qZuQQXmYacSHtKt-sE1pt1KBmnOnfE1l6=w800-h500-k-no,https://lh3.googleusercontent.com/gps-cs-s/AHRPTWkkrwfMaRZ264juFvmFlnZt2Q7pqYILZzO9FxfYR7ahKMPC8Ux-5TW_0hIyvnljQD4zruG-JRVA9sqL2PG44WX42CW_CthS8tu6Yf5qZuQQXmYacSHtKt-sE1pt1KBmnOnfE1l6=w1600-h1000-k-no,https://lh5.googleusercontent.com/-VeoL-hKrzZ4/AAAAAAAAAAI/AAAAAAAAAAA/e9notW_xCqc/s44-p-k-no-ns-nd/photo.jpg,,,OPERATIONAL,"{""Monday"": [""9:30am-6:30pm""], ""Tuesday"": [""9:30am-6:30pm""], ""Wednesday"": [""9:30am-6:30pm""], ""Thursday"": [""9:30am-6:30pm""], ""Friday"": [""9:30am-6:30pm""], ""Saturday"": [""9:30am-6:30pm""], ""Sunday"": [""Closed""]}","Monday,9:30am,6:30pm|Tuesday,9:30am,6:30pm|Wednesday,9:30am,6:30pm|Thursday,9:30am,6:30pm|Friday,9:30am,6:30pm|Saturday,9:30am,6:30pm",,,,,,,,,,,,,True,101551708905221867329,Cheralathan Associates,https://www.google.com/maps/contrib/101551708905221867329,"https://www.google.com/maps/place/Cheralathan+Associates/@13.0264445,80.2610466,14z/data=!4m8!1m2!2m1!1sCheralathan+Associates!3m4!1s0x3a52612aa0a9b33b:0x1f6381ed349db5eb!8m2!3d13.0264445!4d80.2610466","https://www.google.com/maps/place/Cheralathan+Associates/@13.0264445,80.2610466,13.99z/data=!4m16!1m7!3m6!1s0x3a52612aa0a9b33b:0x1f6381ed349db5eb!2sCheralathan+Associates!8m2!3d13.0264445!4d80.2610466!16s%2Fg%2F11ckvg1dmb!3m7!1s0x3a52612aa0a9b33b:0x1f6381ed349db5eb!8m2!3d13.0264445!4d80.2610466!9m1!1b1!16s%2Fg%2F11ckvg1dmb?entry=ttu",ChIJO7OpoCphUjoR67WdNO2BYx8,0x3a52612aa0a9b33b:0x1f6381ed349db5eb,2.26179E+18,/g/1tgc7ywc,2.26179E+18,,,,ARCHITECTURE_PLANNING,0,carch.in,India,,,,
"architectural designer, 600028, Chennai, Tamil Nadu, IN",Dius Design Consultants Pvt Ltd,Dius Design Consultants Pvt,"Architecture firm, Engineering consultant",Architecture firm,Architecture firm,,,"9/5, 1st Cross St, Venkateswara Nagar, Adyar, Chennai, Greater Chennai, Tamil Nadu 600020","9/5, 1st Cross St","Chennai, Greater Chennai","Venkateswara Nagar, Adyar",Tamil Nadu,,600020,India,IN,,,,,,,,,,,,,,,,,,,,,,,,,,,,,13.0026205,80.2613946,89618c4f49bffff,Asia/Calcutta,,False,4.5,52,https://search.google.com/local/reviews?placeid=ChIJn-noc5VnUjoRBRARZgwmZ3o&q=*&authuser=0&hl=en&gl=IN,,"{""1"": 4, ""2"": 0, ""3"": 2, ""4"": 5, ""5"": 41}",4,0,2,5,41,13,https://lh3.googleusercontent.com/gps-cs-s/AHRPTWk2ZEqc8ywKp5W5NLgJ-zsqCtUL0BawhHHDI99jqvnp3T78OtQu6_-H928BzNljW-a4CyLyD05xM8BQ79-1fJ4y8za-z3J-On3R3dXn03ze4gYknLXcC98mbrid5bMa4SSYo4xY=w800-h500-k-no,https://lh3.googleusercontent.com/gps-cs-s/AHRPTWk2ZEqc8ywKp5W5NLgJ-zsqCtUL0BawhHHDI99jqvnp3T78OtQu6_-H928BzNljW-a4CyLyD05xM8BQ79-1fJ4y8za-z3J-On3R3dXn03ze4gYknLXcC98mbrid5bMa4SSYo4xY=w1600-h1000-k-no,https://lh5.googleusercontent.com/-0-9akYWEVEI/AAAAAAAAAAI/AAAAAAAAAAA/8fjJmCe_omA/s44-p-k-no-ns-nd/photo.jpg,,,OPERATIONAL,"{""Monday"": [""9:30am-6pm""], ""Tuesday"": [""9:30am-6pm""], ""Wednesday"": [""9:30am-6pm""], ""Thursday"": [""9:30am-6pm""], ""Friday"": [""9:30am-6pm""], ""Saturday"": [""9:30am-3pm""], ""Sunday"": [""Closed""]}","Monday,9:30am,6pm|Tuesday,9:30am,6pm|Wednesday,9:30am,6pm|Thursday,9:30am,6pm|Friday,9:30am,6pm|Saturday,9:30am,3pm",,,,,,,,,,"{""From the business"": {""Identifies as women-owned"": true}, ""Other"": {""Identifies as women-owned"": true}}",,,True,116812488896399779341,Dius Design Consultants Pvt Ltd,https://www.google.com/maps/contrib/116812488896399779341,"https://www.google.com/maps/place/Dius+Design+Consultants+Pvt+Ltd/@13.002620499999999,80.2613946,14z/data=!4m8!1m2!2m1!1sDius+Design+Consultants+Pvt+Ltd!3m4!1s0x3a52679573e8e99f:0x7a67260c66111005!8m2!3d13.002620499999999!4d80.2613946","https://www.google.com/maps/place/Dius+Design+Consultants+Pvt+Ltd/@13.002620499999999,80.2613946,13.99z/data=!4m16!1m7!3m6!1s0x3a52679573e8e99f:0x7a67260c66111005!2sDius+Design+Consultants+Pvt+Ltd!8m2!3d13.002620499999999!4d80.2613946!16s%2Fg%2F11ckvg1dmb!3m7!1s0x3a52679573e8e99f:0x7a67260c66111005!8m2!3d13.002620499999999!4d80.2613946!9m1!1b1!16s%2Fg%2F11ckvg1dmb?entry=ttu",ChIJn-noc5VnUjoRBRARZgwmZ3o,0x3a52679573e8e99f:0x7a67260c66111005,8.82006E+18,/g/11s0kv63wl,8.82006E+18,,,,,,,,,,,
"architectural designer, 600028, Chennai, Tamil Nadu, IN",Eskay Design,Eskay Design,Architect,Architect,Architect,+91 44 2435 7906,,"6/25, First street, Cenotaph Rd, Teynampet, Chennai, Tamil Nadu 600018","6/25, First street, Cenotaph Rd","Chennai, Greater Chennai","Sri Ram Nagar, Teynampet",Tamil Nadu,,600018,India,IN,,,,,,,,,,,,,,,,,,,,,,,,,,,,,13.0340877,80.2471035,89618c4f62fffff,Asia/Calcutta,,False,4.7,81,https://search.google.com/local/reviews?placeid=ChIJ_____0hmUjoRSopcXPYBNEY&q=*&authuser=0&hl=en&gl=IN,,"{""1"": 0, ""2"": 1, ""3"": 4, ""4"": 10, ""5"": 66}",0,1,4,10,66,4,https://lh3.googleusercontent.com/gps-cs-s/AHRPTWmNtVw2XQk3q5kXvTI3nM2itatNP5lNvY1ogdq4ezFZzK7BkWVssJPlkZQ_7sPRoz2BdIfwfuwcBRUT-hk92DLKhWizcIr7Y1T8QpyqwJ5zGi-wwk4PFi54yNPdFlAzcygg4vw=w800-h500-k-no,https://lh3.googleusercontent.com/gps-cs-s/AHRPTWmNtVw2XQk3q5kXvTI3nM2itatNP5lNvY1ogdq4ezFZzK7BkWVssJPlkZQ_7sPRoz2BdIfwfuwcBRUT-hk92DLKhWizcIr7Y1T8QpyqwJ5zGi-wwk4PFi54yNPdFlAzcygg4vw=w1600-h1000-k-no,https://lh3.googleusercontent.com/-YYXMAY0SrHE/AAAAAAAAAAI/AAAAAAAAAAA/F3k7lkx7ybc/s44-p-k-no-ns-nd/photo.jpg,,,OPERATIONAL,"{""Monday"": [""9am-6pm""], ""Tuesday"": [""9am-6pm""], ""Wednesday"": [""9am-6pm""], ""Thursday"": [""9am-6pm""], ""Friday"": [""9am-6pm""], ""Saturday"": [""Closed""], ""Sunday"": [""Closed""]}","Monday,9am,6pm|Tuesday,9am,6pm|Wednesday,9am,6pm|Thursday,9am,6pm|Friday,9am,6pm",,,,,,,,,,"{""Accessibility"": {""Wheelchair-accessible car park"": true, ""Wheelchair-accessible entrance"": true}}",,,True,118279157366427292219,Eskay Design,https://www.google.com/maps/contrib/118279157366427292219,"https://www.google.com/maps/place/Eskay+Design/@13.034087699999999,80.2471035,14z/data=!4m8!1m2!2m1!1sEskay+Design!3m4!1s0x3a526648ffffffff:0x463401f65c5c8a4a!8m2!3d13.034087699999999!4d80.2471035","https://www.google.com/maps/place/Eskay+Design/@13.034087699999999,80.2471035,13.99z/data=!4m16!1m7!3m6!1s0x3a526648ffffffff:0x463401f65c5c8a4a!2sEskay+Design!8m2!3d13.034087699999999!4d80.2471035!16s%2Fg%2F11ckvg1dmb!3m7!1s0x3a526648ffffffff:0x463401f65c5c8a4a!8m2!3d13.034087699999999!4d80.2471035!9m1!1b1!16s%2Fg%2F11ckvg1dmb?entry=ttu",ChIJ_____0hmUjoRSopcXPYBNEY,0x3a526648ffffffff:0x463401f65c5c8a4a,5.05867E+18,/g/1v7tjstl,5.05867E+18,,,,,,,,,,,
"architectural designer, 600028, Chennai, Tamil Nadu, IN",DreamFort Architects & Interior Designers - Building Contractors in Chennai,Dreamfort Architects And Interior Designers Building Contractors In Chennai,"Architect, Architecture firm, Architectural designer, Building designer, Building restoration service, Civil engineer, Home automation company, Home builder, Interior construction contractor",Architecture firm,Architect,+91 80569 03191,http://www.dreamfort.in/,"No:24/15, S-2, Hospital Rd, Kannammapet, T. Nagar, Chennai, Greater Chennai, Tamil Nadu 600017","No:24/15, S-2, Hospital Rd","Chennai, Greater Chennai","Kannammapet, T. Nagar",Tamil Nadu,,600017,India,IN,dreamfort.in,,,,,,,,,,,,,arunsekar@dreamfort.in,UNKNOWN,Cannot validate,,,,,,,Interior Designer | Dreamfort Interiors and Constructions | Chennai,"Welcome to our Dreamfort Interior Design and Construction website, where creativity meets functionality. Our designers is passionate about transforming spaces into stunning, personalized environments that reflect your unique style.",Wix.com Website Builder,0,0,https://www.dreamfort.in/architectural-design,13.0302198,80.2261083,89618c4f393ffff,Asia/Calcutta,,False,4.8,53,https://search.google.com/local/reviews?placeid=ChIJ0aMRUAFnUjoRzZTMQnjbNkw&q=*&authuser=0&hl=en&gl=IN,,"{""1"": 1, ""2"": 0, ""3"": 0, ""4"": 7, ""5"": 45}",1,0,0,7,45,315,https://lh3.googleusercontent.com/gps-cs-s/AHRPTWmISjIzetFTLWaNgxKfP3RYC71wPjLxnUZAzl3DZhp8I8DyldMNnB-8K4TVxWxPmUpU_AlKbIU9UEqavTNUVjG2ArgCn4N0PO7xlPTNMDcgTTwJUrXHniUZ-PGvnimKr-xPqKyxSQ=w800-h500-k-no,https://lh3.googleusercontent.com/gps-cs-s/AHRPTWmISjIzetFTLWaNgxKfP3RYC71wPjLxnUZAzl3DZhp8I8DyldMNnB-8K4TVxWxPmUpU_AlKbIU9UEqavTNUVjG2ArgCn4N0PO7xlPTNMDcgTTwJUrXHniUZ-PGvnimKr-xPqKyxSQ=w1600-h1000-k-no,https://lh3.googleusercontent.com/-QaQaQpcGXaM/AAAAAAAAAAI/AAAAAAAAAAA/hREQebTzcK8/s44-p-k-no-ns-nd/photo.jpg,,,OPERATIONAL,"{""Monday"": [""10am-7pm""], ""Tuesday"": [""10am-7pm""], ""Wednesday"": [""10am-7pm""], ""Thursday"": [""10am-7pm""], ""Friday"": [""10am-7pm""], ""Saturday"": [""10am-7pm""], ""Sunday"": [""Closed""]}","Monday,10am,7pm|Tuesday,10am,7pm|Wednesday,10am,7pm|Thursday,10am,7pm|Friday,10am,7pm|Saturday,10am,7pm","[{""online_operating_hours"": {""Monday"": ""9 am-9 pm"", ""Tuesday"": ""9 am-9 pm"", ""Wednesday"": ""9 am-9 pm"", ""Thursday"": ""9 am-9 pm"", ""Friday"": ""9 am-9 pm"", ""Saturday"": ""9 am-9 pm"", ""Sunday"": ""9 am-9 pm""}}]",,,,,,https://api.whatsapp.com/send?phone=918056903191,,https://api.whatsapp.com/send?phone=918056903191,"{""Service options"": {""On-site services"": true}, ""Accessibility"": {""Wheelchair-accessible entrance"": false, ""Wheelchair-accessible seating"": false, ""Wheelchair-accessible toilet"": false}, ""Amenities"": {""Gender-neutral toilets"": true}}",,,True,118000390993355145504,DreamFort Architects & Interior Designers - Building Contractors in Chennai,https://www.google.com/maps/contrib/118000390993355145504,"https://www.google.com/maps/place/DreamFort+Architects+%26+Interior+Designers+-+Building+Contractors+in+Chennai/@13.0302198,80.22610829999999,14z/data=!4m8!1m2!2m1!1sDreamFort+Architects+%26+Interior+Designers+-+Building+Contractors+in+Chennai!3m4!1s0x3a5267015011a3d1:0x4c36db7842cc94cd!8m2!3d13.0302198!4d80.22610829999999","https://www.google.com/maps/place/DreamFort+Architects+%26+Interior+Designers+-+Building+Contractors+in+Chennai/@13.0302198,80.22610829999999,13.99z/data=!4m16!1m7!3m6!1s0x3a5267015011a3d1:0x4c36db7842cc94cd!2sDreamFort+Architects+%26+Interior+Designers+-+Building+Contractors+in+Chennai!8m2!3d13.0302198!4d80.22610829999999!16s%2Fg%2F11ckvg1dmb!3m7!1s0x3a5267015011a3d1:0x4c36db7842cc94cd!8m2!3d13.0302198!4d80.22610829999999!9m1!1b1!16s%2Fg%2F11ckvg1dmb?entry=ttu",ChIJ0aMRUAFnUjoRzZTMQnjbNkw,0x3a5267015011a3d1:0x4c36db7842cc94cd,5.49182E+18,/g/11f24x35m4,5.49182E+18,,,,CONSTRUCTION,0,Dreamfort,India,,,,
"architectural designer, 600028, Chennai, Tamil Nadu, IN",DreamFort Architects & Interior Designers - Building Contractors in Chennai,Dreamfort Architects And Interior Designers Building Contractors In Chennai,"Architect, Architecture firm, Architectural designer, Building designer, Building restoration service, Civil engineer, Home automation company, Home builder, Interior construction contractor",Architecture firm,Architect,+91 80569 03191,http://www.dreamfort.in/,"No:24/15, S-2, Hospital Rd, Kannammapet, T. Nagar, Chennai, Greater Chennai, Tamil Nadu 600017","No:24/15, S-2, Hospital Rd","Chennai, Greater Chennai","Kannammapet, T. Nagar",Tamil Nadu,,600017,India,IN,dreamfort.in,,,,,,,,,,,,,info@dreamfort.in,INVALID,Undeliverable,,,,,,,Interior Designer | Dreamfort Interiors and Constructions | Chennai,"Welcome to our Dreamfort Interior Design and Construction website, where creativity meets functionality. Our designers is passionate about transforming spaces into stunning, personalized environments that reflect your unique style.",Wix.com Website Builder,0,0,https://www.dreamfort.in/home,13.0302198,80.2261083,89618c4f393ffff,Asia/Calcutta,,False,4.8,53,https://search.google.com/local/reviews?placeid=ChIJ0aMRUAFnUjoRzZTMQnjbNkw&q=*&authuser=0&hl=en&gl=IN,,"{""1"": 1, ""2"": 0, ""3"": 0, ""4"": 7, ""5"": 45}",1,0,0,7,45,315,https://lh3.googleusercontent.com/gps-cs-s/AHRPTWmISjIzetFTLWaNgxKfP3RYC71wPjLxnUZAzl3DZhp8I8DyldMNnB-8K4TVxWxPmUpU_AlKbIU9UEqavTNUVjG2ArgCn4N0PO7xlPTNMDcgTTwJUrXHniUZ-PGvnimKr-xPqKyxSQ=w800-h500-k-no,https://lh3.googleusercontent.com/gps-cs-s/AHRPTWmISjIzetFTLWaNgxKfP3RYC71wPjLxnUZAzl3DZhp8I8DyldMNnB-8K4TVxWxPmUpU_AlKbIU9UEqavTNUVjG2ArgCn4N0PO7xlPTNMDcgTTwJUrXHniUZ-PGvnimKr-xPqKyxSQ=w1600-h1000-k-no,https://lh3.googleusercontent.com/-QaQaQpcGXaM/AAAAAAAAAAI/AAAAAAAAAAA/hREQebTzcK8/s44-p-k-no-ns-nd/photo.jpg,,,OPERATIONAL,"{""Monday"": [""10am-7pm""], ""Tuesday"": [""10am-7pm""], ""Wednesday"": [""10am-7pm""], ""Thursday"": [""10am-7pm""], ""Friday"": [""10am-7pm""], ""Saturday"": [""10am-7pm""], ""Sunday"": [""Closed""]}","Monday,10am,7pm|Tuesday,10am,7pm|Wednesday,10am,7pm|Thursday,10am,7pm|Friday,10am,7pm|Saturday,10am,7pm","[{""online_operating_hours"": {""Monday"": ""9 am-9 pm"", ""Tuesday"": ""9 am-9 pm"", ""Wednesday"": ""9 am-9 pm"", ""Thursday"": ""9 am-9 pm"", ""Friday"": ""9 am-9 pm"", ""Saturday"": ""9 am-9 pm"", ""Sunday"": ""9 am-9 pm""}}]",,,,,,https://api.whatsapp.com/send?phone=918056903191,,https://api.whatsapp.com/send?phone=918056903191,"{""Service options"": {""On-site services"": true}, ""Accessibility"": {""Wheelchair-accessible entrance"": false, ""Wheelchair-accessible seating"": false, ""Wheelchair-accessible toilet"": false}, ""Amenities"": {""Gender-neutral toilets"": true}}",,,True,118000390993355145504,DreamFort Architects & Interior Designers - Building Contractors in Chennai,https://www.google.com/maps/contrib/118000390993355145504,"https://www.google.com/maps/place/DreamFort+Architects+%26+Interior+Designers+-+Building+Contractors+in+Chennai/@13.0302198,80.22610829999999,14z/data=!4m8!1m2!2m1!1sDreamFort+Architects+%26+Interior+Designers+-+Building+Contractors+in+Chennai!3m4!1s0x3a5267015011a3d1:0x4c36db7842cc94cd!8m2!3d13.0302198!4d80.22610829999999","https://www.google.com/maps/place/DreamFort+Architects+%26+Interior+Designers+-+Building+Contractors+in+Chennai/@13.0302198,80.22610829999999,13.99z/data=!4m16!1m7!3m6!1s0x3a5267015011a3d1:0x4c36db7842cc94cd!2sDreamFort+Architects+%26+Interior+Designers+-+Building+Contractors+in+Chennai!8m2!3d13.0302198!4d80.22610829999999!16s%2Fg%2F11ckvg1dmb!3m7!1s0x3a5267015011a3d1:0x4c36db7842cc94cd!8m2!3d13.0302198!4d80.22610829999999!9m1!1b1!16s%2Fg%2F11ckvg1dmb?entry=ttu",ChIJ0aMRUAFnUjoRzZTMQnjbNkw,0x3a5267015011a3d1:0x4c36db7842cc94cd,5.49182E+18,/g/11f24x35m4,5.49182E+18,,,,CONSTRUCTION,0,Dreamfort,India,,,,
"architectural designer, 600028, Chennai, Tamil Nadu, IN",Nataraj and Venkat Architects,Nataraj And Venkat Architects,Architect,Architect,Architect,+91 44 2457 2457,https://nva.in/,"18, 3rd Seaward Rd, Valmiki Nagar, Thiruvalluvar Nagar, Thiruvanmiyur, Chennai, Greater Chennai, Tamil Nadu 600041","18, 3rd Seaward Rd","Chennai, Greater Chennai","Valmiki Nagar, Thiruvalluvar Nagar, Thiruvanmiyur",Tamil Nadu,,600041,India,IN,nva.in,,,,https://www.linkedin.com/company/nataraj-venkat-architects/,https://www.facebook.com/Nataraj-and-Venkat-Architects-457129667806481/,https://www.instagram.com/natarajandvenkat,,,,,,,contact@nva.in,RECEIVING,SMTP validated,,,,,,,NVA,,WordPress 4.9.10,0,0,http://nva.in/contact/,12.9809884,80.2644573,89618c4187bffff,Asia/Calcutta,,False,4.5,128,https://search.google.com/local/reviews?placeid=ChIJDTdI61pdUjoRXl4HDYNI9XU&q=*&authuser=0&hl=en&gl=IN,,"{""1"": 7, ""2"": 1, ""3"": 5, ""4"": 19, ""5"": 96}",7,1,5,19,96,36,https://lh3.googleusercontent.com/gps-cs-s/AHRPTWkQLbMjoEa4R36B4SxXKmsLwluPRaJw0SYBXanbceNfl6OsLNL_qId822Y4cHelAy7f6j39aNlRB1REANCjD0oVFfxxU_5dT9VglGSDlWUB2qDHcjy4qgnxOvSUpPFw6k6Ol5U1=w800-h500-k-no,https://lh3.googleusercontent.com/gps-cs-s/AHRPTWkQLbMjoEa4R36B4SxXKmsLwluPRaJw0SYBXanbceNfl6OsLNL_qId822Y4cHelAy7f6j39aNlRB1REANCjD0oVFfxxU_5dT9VglGSDlWUB2qDHcjy4qgnxOvSUpPFw6k6Ol5U1=w1600-h1000-k-no,https://lh5.googleusercontent.com/-mVaYEipes-I/AAAAAAAAAAI/AAAAAAAAAAA/R5Iig5kiK80/s44-p-k-no-ns-nd/photo.jpg,,,OPERATIONAL,"{""Monday"": [""8:30am-5pm""], ""Tuesday"": [""8:30am-5pm""], ""Wednesday"": [""8:30am-5pm""], ""Thursday"": [""8:30am-5pm""], ""Friday"": [""8:30am-5pm""], ""Saturday"": [""8:30am-1pm""], ""Sunday"": [""Closed""]}","Monday,8:30am,5pm|Tuesday,8:30am,5pm|Wednesday,8:30am,5pm|Thursday,8:30am,5pm|Friday,8:30am,5pm|Saturday,8:30am,1pm",,,,,,,,,,,,,True,114196460979674472952,Nataraj and Venkat Architects,https://www.google.com/maps/contrib/114196460979674472952,"https://www.google.com/maps/place/Nataraj+and+Venkat+Architects/@12.9809884,80.26445729999999,14z/data=!4m8!1m2!2m1!1sNataraj+and+Venkat+Architects!3m4!1s0x3a525d5aeb48370d:0x75f548830d075e5e!8m2!3d12.9809884!4d80.26445729999999","https://www.google.com/maps/place/Nataraj+and+Venkat+Architects/@12.9809884,80.26445729999999,13.99z/data=!4m16!1m7!3m6!1s0x3a525d5aeb48370d:0x75f548830d075e5e!2sNataraj+and+Venkat+Architects!8m2!3d12.9809884!4d80.26445729999999!16s%2Fg%2F11ckvg1dmb!3m7!1s0x3a525d5aeb48370d:0x75f548830d075e5e!8m2!3d12.9809884!4d80.26445729999999!9m1!1b1!16s%2Fg%2F11ckvg1dmb?entry=ttu",ChIJDTdI61pdUjoRXl4HDYNI9XU,0x3a525d5aeb48370d:0x75f548830d075e5e,8.49978E+18,/g/11bwh54kdh,8.49978E+18,50,10000000,1984,ARCHITECTURE_PLANNING,0,Nataraj & Venkat Architects,India,,,,
"architectural designer, 600028, Chennai, Tamil Nadu, IN",Triple O Studio,Triple O Studio,Architect,Architect,Architect,+91 78459 46906,http://www.tripleostudio.com/,"46, B Ramachandra Adithanar Rd, Gandhi Nagar, Adyar, Chennai, Greater Chennai, Tamil Nadu 600020","46, B Ramachandra Adithanar Rd","Chennai, Greater Chennai","Gandhi Nagar, Adyar",Tamil Nadu,,600020,India,IN,tripleostudio.com,triple o studio,919445394898,919445394898,https://www.linkedin.com/company/triple-o-studio,https://www.facebook.com/TripleOStudio/,https://www.instagram.com/tripleostudio,,,,,,,mail@tripleostudio.com,RECEIVING,Catch All,,,,,,,About | TripleOStudio,"Nithya - Karthik residence is a compact 3 bedroom apartment in a booming part of the city, Anna Nagar. The intent was to add a serene glow to the entire fabric by amalgamating lines, curves, shapes, and geometry and transforming them into a design language.",WordPress 5.7.15,0,0,fb,13.0096447,80.2496096,89618c4f407ffff,Asia/Calcutta,,False,4.7,68,https://search.google.com/local/reviews?placeid=ChIJgc7NMZRnUjoRrC1fhPobBsI&q=*&authuser=0&hl=en&gl=IN,,"{""1"": 1, ""2"": 0, ""3"": 5, ""4"": 9, ""5"": 53}",1,0,5,9,53,16,https://lh3.googleusercontent.com/gps-cs-s/AHRPTWmdctwzM4mL-DseP4Yf17GWN62OStQJlZH3r0ntR78PBS7BWtLUg6Lx4wRMT9x_qcrbAPmIxsWw6_zlzAWt8TR5xSZJfhA7OYTVsCoqPmT3oIPq99SODX1XA9FcHqxpc80hXvOH=w800-h500-k-no,https://lh3.googleusercontent.com/gps-cs-s/AHRPTWmdctwzM4mL-DseP4Yf17GWN62OStQJlZH3r0ntR78PBS7BWtLUg6Lx4wRMT9x_qcrbAPmIxsWw6_zlzAWt8TR5xSZJfhA7OYTVsCoqPmT3oIPq99SODX1XA9FcHqxpc80hXvOH=w1600-h1000-k-no,https://lh5.googleusercontent.com/-O18SYCv1f3I/AAAAAAAAAAI/AAAAAAAAAAA/J2eOm5Qmhtk/s44-p-k-no-ns-nd/photo.jpg,,,OPERATIONAL,"{""Monday"": [""10am-7pm""], ""Tuesday"": [""10am-7pm""], ""Wednesday"": [""10am-7pm""], ""Thursday"": [""10am-7pm""], ""Friday"": [""10am-7pm""], ""Saturday"": [""Closed""], ""Sunday"": [""Closed""]}","Monday,10am,7pm|Tuesday,10am,7pm|Wednesday,10am,7pm|Thursday,10am,7pm|Friday,10am,7pm",,,,,,,,,,"{""Accessibility"": {""Wheelchair-accessible entrance"": false}, ""Planning"": {""Appointment required"": true}}",,,True,104370710593515923463,Triple O Studio,https://www.google.com/maps/contrib/104370710593515923463,"https://www.google.com/maps/place/Triple+O+Studio/@13.009644699999999,80.2496096,14z/data=!4m8!1m2!2m1!1sTriple+O+Studio!3m4!1s0x3a52679431cdce81:0xc2061bfa845f2dac!8m2!3d13.009644699999999!4d80.2496096","https://www.google.com/maps/place/Triple+O+Studio/@13.009644699999999,80.2496096,13.99z/data=!4m16!1m7!3m6!1s0x3a52679431cdce81:0xc2061bfa845f2dac!2sTriple+O+Studio!8m2!3d13.009644699999999!4d80.2496096!16s%2Fg%2F11ckvg1dmb!3m7!1s0x3a52679431cdce81:0xc2061bfa845f2dac!8m2!3d13.009644699999999!4d80.2496096!9m1!1b1!16s%2Fg%2F11ckvg1dmb?entry=ttu",ChIJgc7NMZRnUjoRrC1fhPobBsI,0x3a52679431cdce81:0xc2061bfa845f2dac,1.39809E+19,/g/1tfkjlnm,-4.46585E+18,50,10000000,2010,DESIGN,0,TripleOStudio,India,Tamil Nadu,Chennai,600020,46 B Ramachandra Adithanar Road
"architectural designer, 600028, Chennai, Tamil Nadu, IN",Maya & Manoj Architects and Interiors,Maya And Manoj Architects And Interiors,Architect,Architect,Architect,+91 44 2441 1192,,"New No-39, Old No-17, Adayar, B Ramachandra Adithanar Rd, Gandhi Nagar, Adyar, Chennai, Tamil Nadu 600020","New No-39, Old No-17, Adayar, B Ramachandra Adithanar Rd","Chennai, Greater Chennai","Gandhi Nagar, Adyar",Tamil Nadu,,600020,India,IN,,,,,,,,,,,,,,,,,,,,,,,,,,,,,13.0092488,80.2550505,89618c4f41bffff,Asia/Calcutta,,False,4.8,30,https://search.google.com/local/reviews?placeid=ChIJH6apmvJnUjoROBWqapUXnIc&q=*&authuser=0&hl=en&gl=IN,,"{""1"": 0, ""2"": 1, ""3"": 0, ""4"": 4, ""5"": 25}",0,1,0,4,25,4,https://lh3.googleusercontent.com/gps-cs-s/AHRPTWnScubOwHnC5ltTogk2WDZVRq8SsOwRfsaOq3gZV4lwrYIuQpm3hruqhsgv76HucaQCBB5S3Y3lZazCST2PHITCNqxoflflNH-pkC00Mo30b4Z1v_FlPSZZ-KS3vHf79uS9hQyx=w800-h500-k-no,https://lh3.googleusercontent.com/gps-cs-s/AHRPTWnScubOwHnC5ltTogk2WDZVRq8SsOwRfsaOq3gZV4lwrYIuQpm3hruqhsgv76HucaQCBB5S3Y3lZazCST2PHITCNqxoflflNH-pkC00Mo30b4Z1v_FlPSZZ-KS3vHf79uS9hQyx=w1600-h1000-k-no,https://lh3.googleusercontent.com/-_iYDZMZefOo/AAAAAAAAAAI/AAAAAAAAAAA/aO0Z0BkHzaQ/s44-p-k-no-ns-nd/photo.jpg,,,OPERATIONAL,,,,,,,,,,,,,,,True,113070201366296478672,Maya & Manoj Architects and Interiors,https://www.google.com/maps/contrib/113070201366296478672,"https://www.google.com/maps/place/Maya+%26+Manoj+Architects+and+Interiors/@13.0092488,80.2550505,14z/data=!4m8!1m2!2m1!1sMaya+%26+Manoj+Architects+and+Interiors!3m4!1s0x3a5267f29aa9a61f:0x879c17956aaa1538!8m2!3d13.0092488!4d80.2550505","https://www.google.com/maps/place/Maya+%26+Manoj+Architects+and+Interiors/@13.0092488,80.2550505,13.99z/data=!4m16!1m7!3m6!1s0x3a5267f29aa9a61f:0x879c17956aaa1538!2sMaya+%26+Manoj+Architects+and+Interiors!8m2!3d13.0092488!4d80.2550505!16s%2Fg%2F11ckvg1dmb!3m7!1s0x3a5267f29aa9a61f:0x879c17956aaa1538!8m2!3d13.0092488!4d80.2550505!9m1!1b1!16s%2Fg%2F11ckvg1dmb?entry=ttu",ChIJH6apmvJnUjoROBWqapUXnIc,0x3a5267f29aa9a61f:0x879c17956aaa1538,9.77171E+18,/g/1tvdh6mt,-8.67503E+18,,,,,,,,,,,
"architectural designer, 600028, Chennai, Tamil Nadu, IN",PSP Design,Psp Design,"Architect, Interior designer",Architect,Architect,+91 44 4769 3265,http://www.pspdesign.in/,"No.23, First floor, 2nd Main Rd, Kottur Gardens, Adyar House, Kotturpuram, Chennai, Greater Chennai, Tamil Nadu 600085","No.23, First floor, 2nd Main Rd","Chennai, Greater Chennai","Kottur Gardens, Adyar House, Kotturpuram",Tamil Nadu,,600085,India,IN,pspdesign.in,,,,http://linkedin.com/company/psp-design,https://www.facebook.com/pages/,,,,,,,,enquiry@pspdesign.in,RECEIVING,SMTP validated,,,,,,,"PSP Architects I Architecture I Interior Design I Chennai, India","PSP Design is a multi-disciplinary firm of Architects in Chennai, India, with experience in Architecture, Interior design & Graphic design.",WordPress 4.9.23,0,0,https://www.pspdesign.in/,13.0209802,80.2447077,89618c4f0d7ffff,Asia/Calcutta,,False,4,59,https://search.google.com/local/reviews?placeid=ChIJ8SK3VLpnUjoRx8DhlwEZ_aE&q=*&authuser=0&hl=en&gl=IN,,"{""1"": 7, ""2"": 2, ""3"": 6, ""4"": 12, ""5"": 32}",7,2,6,12,32,10,https://lh3.googleusercontent.com/gps-cs-s/AHRPTWkFa08FRqScvTfIU8k4RJwSAAlZzKgnFFhowzO_6VvGeaG8-K1NDK4jXL-MM5iaQB3AtadD79uIAiwQmELARxeLzQlShf1K_S6iYbYL9w0j0-o1r8QFAoyvzjHdYWDAreBdBhAq=w800-h500-k-no,https://lh3.googleusercontent.com/gps-cs-s/AHRPTWkFa08FRqScvTfIU8k4RJwSAAlZzKgnFFhowzO_6VvGeaG8-K1NDK4jXL-MM5iaQB3AtadD79uIAiwQmELARxeLzQlShf1K_S6iYbYL9w0j0-o1r8QFAoyvzjHdYWDAreBdBhAq=w1600-h1000-k-no,https://lh4.googleusercontent.com/-FkfD9mg49rI/AAAAAAAAAAI/AAAAAAAAAAA/kcIZKY4ieG8/s44-p-k-no-ns-nd/photo.jpg,,,OPERATIONAL,"{""Monday"": [""9:30am-6pm""], ""Tuesday"": [""9:30am-6pm""], ""Wednesday"": [""9:30am-6pm""], ""Thursday"": [""9:30am-6pm""], ""Friday"": [""9:30am-6pm""], ""Saturday"": [""9:30am-6pm""], ""Sunday"": [""Closed""]}","Monday,9:30am,6pm|Tuesday,9:30am,6pm|Wednesday,9:30am,6pm|Thursday,9:30am,6pm|Friday,9:30am,6pm|Saturday,9:30am,6pm",,,,,,,,,,"{""Accessibility"": {""Wheelchair-accessible entrance"": false}}",,,True,115439696447427939623,PSP Design,https://www.google.com/maps/contrib/115439696447427939623,"https://www.google.com/maps/place/PSP+Design/@13.020980199999999,80.24470769999999,14z/data=!4m8!1m2!2m1!1sPSP+Design!3m4!1s0x3a5267ba54b722f1:0xa1fd190197e1c0c7!8m2!3d13.020980199999999!4d80.24470769999999","https://www.google.com/maps/place/PSP+Design/@13.020980199999999,80.24470769999999,13.99z/data=!4m16!1m7!3m6!1s0x3a5267ba54b722f1:0xa1fd190197e1c0c7!2sPSP+Design!8m2!3d13.020980199999999!4d80.24470769999999!16s%2Fg%2F11ckvg1dmb!3m7!1s0x3a5267ba54b722f1:0xa1fd190197e1c0c7!8m2!3d13.020980199999999!4d80.24470769999999!9m1!1b1!16s%2Fg%2F11ckvg1dmb?entry=ttu",ChIJ8SK3VLpnUjoRx8DhlwEZ_aE,0x3a5267ba54b722f1:0xa1fd190197e1c0c7,1.16725E+19,/g/12q4yf6vg,-6.77423E+18,50,10000000,2006,ARCHITECTURE_PLANNING,0,PSP Architects,India,Tamil Nadu,Chennai,600085,11 4th Main Road Extension
"architectural designer, 600028, Chennai, Tamil Nadu, IN",PSP Design,Psp Design,"Architect, Interior designer",Architect,Architect,+91 44 4769 3265,http://www.pspdesign.in/,"No.23, First floor, 2nd Main Rd, Kottur Gardens, Adyar House, Kotturpuram, Chennai, Greater Chennai, Tamil Nadu 600085","No.23, First floor, 2nd Main Rd","Chennai, Greater Chennai","Kottur Gardens, Adyar House, Kotturpuram",Tamil Nadu,,600085,India,IN,pspdesign.in,,,,http://linkedin.com/company/psp-design,https://www.facebook.com/pages/,,,,,,,,jobs@pspdesign.in,RECEIVING,SMTP validated,,,,,,,"PSP Architects I Architecture I Interior Design I Chennai, India","PSP Design is a multi-disciplinary firm of Architects in Chennai, India, with experience in Architecture, Interior design & Graphic design.",WordPress 4.9.23,0,0,https://www.pspdesign.in/,13.0209802,80.2447077,89618c4f0d7ffff,Asia/Calcutta,,False,4,59,https://search.google.com/local/reviews?placeid=ChIJ8SK3VLpnUjoRx8DhlwEZ_aE&q=*&authuser=0&hl=en&gl=IN,,"{""1"": 7, ""2"": 2, ""3"": 6, ""4"": 12, ""5"": 32}",7,2,6,12,32,10,https://lh3.googleusercontent.com/gps-cs-s/AHRPTWkFa08FRqScvTfIU8k4RJwSAAlZzKgnFFhowzO_6VvGeaG8-K1NDK4jXL-MM5iaQB3AtadD79uIAiwQmELARxeLzQlShf1K_S6iYbYL9w0j0-o1r8QFAoyvzjHdYWDAreBdBhAq=w800-h500-k-no,https://lh3.googleusercontent.com/gps-cs-s/AHRPTWkFa08FRqScvTfIU8k4RJwSAAlZzKgnFFhowzO_6VvGeaG8-K1NDK4jXL-MM5iaQB3AtadD79uIAiwQmELARxeLzQlShf1K_S6iYbYL9w0j0-o1r8QFAoyvzjHdYWDAreBdBhAq=w1600-h1000-k-no,https://lh4.googleusercontent.com/-FkfD9mg49rI/AAAAAAAAAAI/AAAAAAAAAAA/kcIZKY4ieG8/s44-p-k-no-ns-nd/photo.jpg,,,OPERATIONAL,"{""Monday"": [""9:30am-6pm""], ""Tuesday"": [""9:30am-6pm""], ""Wednesday"": [""9:30am-6pm""], ""Thursday"": [""9:30am-6pm""], ""Friday"": [""9:30am-6pm""], ""Saturday"": [""9:30am-6pm""], ""Sunday"": [""Closed""]}","Monday,9:30am,6pm|Tuesday,9:30am,6pm|Wednesday,9:30am,6pm|Thursday,9:30am,6pm|Friday,9:30am,6pm|Saturday,9:30am,6pm",,,,,,,,,,"{""Accessibility"": {""Wheelchair-accessible entrance"": false}}",,,True,115439696447427939623,PSP Design,https://www.google.com/maps/contrib/115439696447427939623,"https://www.google.com/maps/place/PSP+Design/@13.020980199999999,80.24470769999999,14z/data=!4m8!1m2!2m1!1sPSP+Design!3m4!1s0x3a5267ba54b722f1:0xa1fd190197e1c0c7!8m2!3d13.020980199999999!4d80.24470769999999","https://www.google.com/maps/place/PSP+Design/@13.020980199999999,80.24470769999999,13.99z/data=!4m16!1m7!3m6!1s0x3a5267ba54b722f1:0xa1fd190197e1c0c7!2sPSP+Design!8m2!3d13.020980199999999!4d80.24470769999999!16s%2Fg%2F11ckvg1dmb!3m7!1s0x3a5267ba54b722f1:0xa1fd190197e1c0c7!8m2!3d13.020980199999999!4d80.24470769999999!9m1!1b1!16s%2Fg%2F11ckvg1dmb?entry=ttu",ChIJ8SK3VLpnUjoRx8DhlwEZ_aE,0x3a5267ba54b722f1:0xa1fd190197e1c0c7,1.16725E+19,/g/12q4yf6vg,-6.77423E+18,50,10000000,2006,ARCHITECTURE_PLANNING,0,PSP Architects,India,Tamil Nadu,Chennai,600085,11 4th Main Road Extension
"architectural designer, 600028, Chennai, Tamil Nadu, IN",Forum Architects Private Limited,Forum Architects Private Limited,Architect,Architect,Architect,+91 44 4218 8801,http://www.forumarchitects.in/,"15, 3rd Main Rd, Kottur Gardens, Adyar House, Kotturpuram, Chennai, Greater Chennai, Tamil Nadu 600085","15, 3rd Main Rd","Chennai, Greater Chennai","Kottur Gardens, Adyar House, Kotturpuram",Tamil Nadu,,600085,India,IN,forumarchitects.in,,,,,,,,,,,,,fapl@forumarchitects.in,UNKNOWN,Cannot validate,,,,,,,,,,,,google,13.0205398,80.2439462,89618c4f0d7ffff,Asia/Calcutta,,False,4.4,16,https://search.google.com/local/reviews?placeid=ChIJq6qqqplnUjoRcIlVAlnMOSc&q=*&authuser=0&hl=en&gl=IN,,"{""1"": 0, ""2"": 2, ""3"": 1, ""4"": 2, ""5"": 11}",0,2,1,2,11,3,https://lh3.googleusercontent.com/gps-cs-s/AHRPTWn2JAYTszoTjofTdfQhafPrXOqvUtB0ovAT27M8_677jC2xdg5F-l8lL61xy1jNow45GW2bBHXivVdpmj5UhEkknARKbClXp-mJmzlVFKBqUNk1ArcA6AqEFQdY7Xz4R9qKz9WH=w800-h500-k-no,https://lh3.googleusercontent.com/gps-cs-s/AHRPTWn2JAYTszoTjofTdfQhafPrXOqvUtB0ovAT27M8_677jC2xdg5F-l8lL61xy1jNow45GW2bBHXivVdpmj5UhEkknARKbClXp-mJmzlVFKBqUNk1ArcA6AqEFQdY7Xz4R9qKz9WH=w1600-h1000-k-no,https://lh3.googleusercontent.com/-XmbMfV8zGVI/AAAAAAAAAAI/AAAAAAAAAAA/2Jzy4s93070/s44-p-k-no-ns-nd/photo.jpg,,,OPERATIONAL,"{""Monday"": [""9:30am-6pm""], ""Tuesday"": [""9:30am-6pm""], ""Wednesday"": [""9:30am-6pm""], ""Thursday"": [""9:30am-6pm""], ""Friday"": [""9:30am-6pm""], ""Saturday"": [""9:30am-6pm""], ""Sunday"": [""Closed""]}","Monday,9:30am,6pm|Tuesday,9:30am,6pm|Wednesday,9:30am,6pm|Thursday,9:30am,6pm|Friday,9:30am,6pm|Saturday,9:30am,6pm",,,,,,,,,,,,,True,109700808092442465941,Forum Architects Private Limited,https://www.google.com/maps/contrib/109700808092442465941,"https://www.google.com/maps/place/Forum+Architects+Private+Limited/@13.0205398,80.2439462,14z/data=!4m8!1m2!2m1!1sForum+Architects+Private+Limited!3m4!1s0x3a526799aaaaaaab:0x2739cc5902558970!8m2!3d13.0205398!4d80.2439462","https://www.google.com/maps/place/Forum+Architects+Private+Limited/@13.0205398,80.2439462,13.99z/data=!4m16!1m7!3m6!1s0x3a526799aaaaaaab:0x2739cc5902558970!2sForum+Architects+Private+Limited!8m2!3d13.0205398!4d80.2439462!16s%2Fg%2F11ckvg1dmb!3m7!1s0x3a526799aaaaaaab:0x2739cc5902558970!8m2!3d13.0205398!4d80.2439462!9m1!1b1!16s%2Fg%2F11ckvg1dmb?entry=ttu",ChIJq6qqqplnUjoRcIlVAlnMOSc,0x3a526799aaaaaaab:0x2739cc5902558970,2.82651E+18,/g/1vxdwqhm,2.82651E+18,10,1000000,,ARCHITECTURE_PLANNING,0,Forum Architects,India,,,,
"architectural designer, 600028, Chennai, Tamil Nadu, IN",Arvind Varuna Associates,Arvind Varuna Associates,Architect,Architect,Architect,+91 44 2445 1290,https://arvindvaruna.in/,"Sharada Krupa, 149, Chamiers Rd, RA Puram, Govindaswamy Nagar, Raja Annamalaipuram, Chennai, Greater Chennai, Tamil Nadu 600028","Sharada Krupa, 149, Chamiers Rd","Chennai, Greater Chennai","RA Puram, Govindaswamy Nagar, Raja Annamalaipuram",Tamil Nadu,,600028,India,IN,arvindvaruna.in,,914424451290,"914424451290, 9841011226",,https://www.facebook.com/173426940089615,https://www.instagram.com/varunaarvindgallery,,,,,,,careers@arvindvaruna.in,BLACKLISTED,Cannot validate,,,,,,,Arvind Varuna Associates – Architecture & Interior Design,,WordPress 6.2,0,0,https://arvindvaruna.in/contact/,13.0230868,80.2529111,89618c4f6a3ffff,Asia/Calcutta,,False,4.5,75,https://search.google.com/local/reviews?placeid=ChIJXf7npuxnUjoR5gFlRmD8Zm8&q=*&authuser=0&hl=en&gl=IN,,"{""1"": 2, ""2"": 0, ""3"": 5, ""4"": 17, ""5"": 51}",2,0,5,17,51,4,https://lh3.googleusercontent.com/gps-cs-s/AHRPTWk7yj7we16bw_9ufq3WgGKuuyJPxUfGvhzMpOWovAQlFXyZP4AhSMLf01PF7JaSt2FWl-ckDxxjJHsHySbRt8moVpVQx01tiBPzTuds1aMmRv4ESIJGE_mMGYsl60Cu4en2A6ZrlQ=w800-h500-k-no,https://lh3.googleusercontent.com/gps-cs-s/AHRPTWk7yj7we16bw_9ufq3WgGKuuyJPxUfGvhzMpOWovAQlFXyZP4AhSMLf01PF7JaSt2FWl-ckDxxjJHsHySbRt8moVpVQx01tiBPzTuds1aMmRv4ESIJGE_mMGYsl60Cu4en2A6ZrlQ=w1600-h1000-k-no,,,,OPERATIONAL,"{""Monday"": [""9am-6pm""], ""Tuesday"": [""9am-6pm""], ""Wednesday"": [""9am-6pm""], ""Thursday"": [""9am-6pm""], ""Friday"": [""9am-6pm""], ""Saturday"": [""9am-6pm""], ""Sunday"": [""Closed""]}","Monday,9am,6pm|Tuesday,9am,6pm|Wednesday,9am,6pm|Thursday,9am,6pm|Friday,9am,6pm|Saturday,9am,6pm",,,,,,,,,,,,,False,,Arvind Varuna Associates,,"https://www.google.com/maps/place/Arvind+Varuna+Associates/@13.0230868,80.25291109999999,14z/data=!4m8!1m2!2m1!1sArvind+Varuna+Associates!3m4!1s0x3a5267eca6e7fe5d:0x6f66fc60466501e6!8m2!3d13.0230868!4d80.25291109999999","https://www.google.com/maps/place/Arvind+Varuna+Associates/@13.0230868,80.25291109999999,13.99z/data=!4m16!1m7!3m6!1s0x3a5267eca6e7fe5d:0x6f66fc60466501e6!2sArvind+Varuna+Associates!8m2!3d13.0230868!4d80.25291109999999!16s%2Fg%2F11ckvg1dmb!3m7!1s0x3a5267eca6e7fe5d:0x6f66fc60466501e6!8m2!3d13.0230868!4d80.25291109999999!9m1!1b1!16s%2Fg%2F11ckvg1dmb?entry=ttu",ChIJXf7npuxnUjoR5gFlRmD8Zm8,0x3a5267eca6e7fe5d:0x6f66fc60466501e6,8.02738E+18,/g/11clvsssyx,8.02738E+18,50,10000000,,ARCHITECTURE_PLANNING,0,Arvind Varuna Associates - India,India,,,,
"architectural designer, 600028, Chennai, Tamil Nadu, IN",Arvind Varuna Associates,Arvind Varuna Associates,Architect,Architect,Architect,+91 44 2445 1290,https://arvindvaruna.in/,"Sharada Krupa, 149, Chamiers Rd, RA Puram, Govindaswamy Nagar, Raja Annamalaipuram, Chennai, Greater Chennai, Tamil Nadu 600028","Sharada Krupa, 149, Chamiers Rd","Chennai, Greater Chennai","RA Puram, Govindaswamy Nagar, Raja Annamalaipuram",Tamil Nadu,,600028,India,IN,arvindvaruna.in,,914424451290,"914424451290, 9841011226",,https://www.facebook.com/173426940089615,https://www.instagram.com/varunaarvindgallery,,,,,,,admin@arvindvaruna.in,RECEIVING,SMTP validated,,,,,,,Arvind Varuna Associates – Architecture & Interior Design,,WordPress 6.2,0,0,https://arvindvaruna.in/contact/,13.0230868,80.2529111,89618c4f6a3ffff,Asia/Calcutta,,False,4.5,75,https://search.google.com/local/reviews?placeid=ChIJXf7npuxnUjoR5gFlRmD8Zm8&q=*&authuser=0&hl=en&gl=IN,,"{""1"": 2, ""2"": 0, ""3"": 5, ""4"": 17, ""5"": 51}",2,0,5,17,51,4,https://lh3.googleusercontent.com/gps-cs-s/AHRPTWk7yj7we16bw_9ufq3WgGKuuyJPxUfGvhzMpOWovAQlFXyZP4AhSMLf01PF7JaSt2FWl-ckDxxjJHsHySbRt8moVpVQx01tiBPzTuds1aMmRv4ESIJGE_mMGYsl60Cu4en2A6ZrlQ=w800-h500-k-no,https://lh3.googleusercontent.com/gps-cs-s/AHRPTWk7yj7we16bw_9ufq3WgGKuuyJPxUfGvhzMpOWovAQlFXyZP4AhSMLf01PF7JaSt2FWl-ckDxxjJHsHySbRt8moVpVQx01tiBPzTuds1aMmRv4ESIJGE_mMGYsl60Cu4en2A6ZrlQ=w1600-h1000-k-no,,,,OPERATIONAL,"{""Monday"": [""9am-6pm""], ""Tuesday"": [""9am-6pm""], ""Wednesday"": [""9am-6pm""], ""Thursday"": [""9am-6pm""], ""Friday"": [""9am-6pm""], ""Saturday"": [""9am-6pm""], ""Sunday"": [""Closed""]}","Monday,9am,6pm|Tuesday,9am,6pm|Wednesday,9am,6pm|Thursday,9am,6pm|Friday,9am,6pm|Saturday,9am,6pm",,,,,,,,,,,,,False,,Arvind Varuna Associates,,"https://www.google.com/maps/place/Arvind+Varuna+Associates/@13.0230868,80.25291109999999,14z/data=!4m8!1m2!2m1!1sArvind+Varuna+Associates!3m4!1s0x3a5267eca6e7fe5d:0x6f66fc60466501e6!8m2!3d13.0230868!4d80.25291109999999","https://www.google.com/maps/place/Arvind+Varuna+Associates/@13.0230868,80.25291109999999,13.99z/data=!4m16!1m7!3m6!1s0x3a5267eca6e7fe5d:0x6f66fc60466501e6!2sArvind+Varuna+Associates!8m2!3d13.0230868!4d80.25291109999999!16s%2Fg%2F11ckvg1dmb!3m7!1s0x3a5267eca6e7fe5d:0x6f66fc60466501e6!8m2!3d13.0230868!4d80.25291109999999!9m1!1b1!16s%2Fg%2F11ckvg1dmb?entry=ttu",ChIJXf7npuxnUjoR5gFlRmD8Zm8,0x3a5267eca6e7fe5d:0x6f66fc60466501e6,8.02738E+18,/g/11clvsssyx,8.02738E+18,50,10000000,,ARCHITECTURE_PLANNING,0,Arvind Varuna Associates - India,India,,,,
"architectural designer, 600028, Chennai, Tamil Nadu, IN",Izza Architects and Interior Designers,Izza Architects And Interior Designers,"Architect, Interior designer, Interior Decorator, Kitchen remodeler",Interior designer,Architect,+91 72007 88855,https://www.izzaarchitects.com/,"16/35, Srinivasan St, T Nagar, CIT Nagar, Chennai, Greater Chennai, Tamil Nadu 600017","16/35, Srinivasan St","Chennai, Greater Chennai","T Nagar, CIT Nagar",Tamil Nadu,,600017,India,IN,izzaarchitects.com,,917200788855,917200788855,,https://www.facebook.com/izzaarchitects,https://www.instagram.com/izza_interior_design&h=AT0-RR8WYhzlozxnE7Vrr2xtnk7FmL1ZB42_WRcjfMVSCROjT_Y018igpIGvveGZFPD0yDs_1hmoXAt8xCfOVr_aotqiUIabuet9LJlR-R8PTCVuO0kaFzzGzGysnr7yiQeusXKUQR3EzQ,https://twitter.com/izzaarchitects,https://www.youtube.com/channel/UCfFfKwYogA57IpVkQqMR2vQ,,,,,izzaarch@gmail.com,RECEIVING,Verified,,,,,,,Izza Architects in Chennai | Interior Designers in Chennai,Izza Architects | Interior in Chennai has grownup organically through cooperative and integrated approach to design and delivering the engineered environment.,,0,0,https://www.facebook.com/izzaarchitects,13.0318932,80.2324117,89618c4f063ffff,Asia/Calcutta,,False,4.7,23,https://search.google.com/local/reviews?placeid=ChIJYe4ZjyJmUjoR0qC06i10D3U&q=*&authuser=0&hl=en&gl=IN,,"{""1"": 0, ""2"": 0, ""3"": 2, ""4"": 2, ""5"": 19}",0,0,2,2,19,79,https://lh3.googleusercontent.com/gps-cs-s/AHRPTWll22XWPZVEMPDlr5Son_TyK4_VGlabPqmkzoQuKJzMc-qrkQM74fFvIborboJ2bUJqSKGl3NjXaZahWLhGF1bCcCV9qOvIZEb66Eqg5fK6Eh06pL9KTUYrtM1cdd-gOUC97091dA=w800-h500-k-no,https://lh3.googleusercontent.com/gps-cs-s/AHRPTWll22XWPZVEMPDlr5Son_TyK4_VGlabPqmkzoQuKJzMc-qrkQM74fFvIborboJ2bUJqSKGl3NjXaZahWLhGF1bCcCV9qOvIZEb66Eqg5fK6Eh06pL9KTUYrtM1cdd-gOUC97091dA=w1600-h1000-k-no,https://lh5.googleusercontent.com/-2Lge8kDROC8/AAAAAAAAAAI/AAAAAAAAAAA/uGXJlYx5B-0/s44-p-k-no-ns-nd/photo.jpg,,,OPERATIONAL,"{""Monday"": [""9:30am-7:30pm""], ""Tuesday"": [""9:30am-7:30pm""], ""Wednesday"": [""9:30am-7:30pm""], ""Thursday"": [""9:30am-7:30pm""], ""Friday"": [""9:30am-7:30pm""], ""Saturday"": [""9:30am-7:30pm""], ""Sunday"": [""Closed""]}","Monday,9:30am,7:30pm|Tuesday,9:30am,7:30pm|Wednesday,9:30am,7:30pm|Thursday,9:30am,7:30pm|Friday,9:30am,7:30pm|Saturday,9:30am,7:30pm","[{""lunch"": {""Monday"": ""1:30-2 pm"", ""Tuesday"": ""1:30-2 pm"", ""Wednesday"": ""1:30-2 pm"", ""Thursday"": ""1:30-2 pm"", ""Friday"": ""12:30-2 pm"", ""Saturday"": ""1:30-2 pm"", ""Sunday"": ""Closed""}}]",,,,,,https://chat.whatsapp.com/Eed5P6YmnQu1tcyxlf9Gri,,https://chat.whatsapp.com/Eed5P6YmnQu1tcyxlf9Gri,"{""Service options"": {""Online estimates"": true, ""On-site services"": true}, ""Accessibility"": {""Wheelchair-accessible car park"": false, ""Wheelchair-accessible entrance"": false, ""Wheelchair-accessible seating"": false, ""Wheelchair-accessible toilet"": false}, ""Amenities"": {""Gender-neutral toilets"": true}, ""Parking"": {""Free parking lot"": true, ""Free street parking"": true, ""On-site parking"": true}}",,,True,118171535129485569683,Izza Architects and Interior Designers,https://www.google.com/maps/contrib/118171535129485569683,"https://www.google.com/maps/place/Izza+Architects+and+Interior+Designers/@13.031893199999999,80.2324117,14z/data=!4m8!1m2!2m1!1sIzza+Architects+and+Interior+Designers!3m4!1s0x3a5266228f19ee61:0x750f742deab4a0d2!8m2!3d13.031893199999999!4d80.2324117","https://www.google.com/maps/place/Izza+Architects+and+Interior+Designers/@13.031893199999999,80.2324117,13.99z/data=!4m16!1m7!3m6!1s0x3a5266228f19ee61:0x750f742deab4a0d2!2sIzza+Architects+and+Interior+Designers!8m2!3d13.031893199999999!4d80.2324117!16s%2Fg%2F11ckvg1dmb!3m7!1s0x3a5266228f19ee61:0x750f742deab4a0d2!8m2!3d13.031893199999999!4d80.2324117!9m1!1b1!16s%2Fg%2F11ckvg1dmb?entry=ttu",ChIJYe4ZjyJmUjoR0qC06i10D3U,0x3a5266228f19ee61:0x750f742deab4a0d2,8.43509E+18,/g/11csqchrg5,8.43509E+18,10,,2015,ARCHITECTURE_PLANNING,0,Izza & Architects,India,Tamil Nadu,Chennai,600014,
"architectural designer, 600028, Chennai, Tamil Nadu, IN",Vikas Parthipan Architects,Vikas Parthipan Architects,Architecture firm,Architecture firm,Architecture firm,+91 97890 41238,,"9/5, First Floor, 1st Trust Cross St, Mandavelipakkam, Raja Annamalaipuram, Chennai, Greater Chennai, Tamil Nadu 600028","9/5, First Floor, 1st Trust Cross St","Chennai, Greater Chennai","Mandavelipakkam, Raja Annamalaipuram",Tamil Nadu,,600028,India,IN,,,,,,,,,,,,,,,,,,,,,,,,,,,,,13.0280928,80.2695733,89618c4f6d3ffff,Asia/Calcutta,,False,4.9,29,https://search.google.com/local/reviews?placeid=ChIJraaZCapnUjoRy0sp-F87lZo&q=*&authuser=0&hl=en&gl=IN,,"{""1"": 0, ""2"": 0, ""3"": 1, ""4"": 0, ""5"": 28}",0,0,1,0,28,94,https://lh3.googleusercontent.com/gps-cs-s/AHRPTWlBnPuU2h5R_n6ACCKfc1xI5XOvAm5F5NM8YKCCoZK7AH962NlkGBfgJacrxX53sTj-esMeOww1__vWF5vQ7_aGF2mRf4UvCx5FgSMoYEFjcOLSXZaBg1V2Gpm7lznihnjYj5PW=w800-h500-k-no,https://lh3.googleusercontent.com/gps-cs-s/AHRPTWlBnPuU2h5R_n6ACCKfc1xI5XOvAm5F5NM8YKCCoZK7AH962NlkGBfgJacrxX53sTj-esMeOww1__vWF5vQ7_aGF2mRf4UvCx5FgSMoYEFjcOLSXZaBg1V2Gpm7lznihnjYj5PW=w1600-h1000-k-no,https://lh3.googleusercontent.com/-skOBNd5ApjM/AAAAAAAAAAI/AAAAAAAAAAA/u-TYUDR6S7Q/s44-p-k-no-ns-nd/photo.jpg,,,OPERATIONAL,"{""Monday"": [""9:30am-6:30pm""], ""Tuesday"": [""9:30am-6:30pm""], ""Wednesday"": [""9:30am-6:30pm""], ""Thursday"": [""9:30am-6pm""], ""Friday"": [""9:30am-6:30pm""], ""Saturday"": [""9:30am-6:30pm""], ""Sunday"": [""Closed""]}","Monday,9:30am,6:30pm|Tuesday,9:30am,6:30pm|Wednesday,9:30am,6:30pm|Thursday,9:30am,6pm|Friday,9:30am,6:30pm|Saturday,9:30am,6:30pm",,,,,,,https://wa.me/message/FPEUDVFUILWVO1,,https://wa.me/message/FPEUDVFUILWVO1,"{""Service options"": {""Online appointments"": true, ""On-site services"": true}}",,,True,107383514807593955754,Vikas Parthipan Architects,https://www.google.com/maps/contrib/107383514807593955754,"https://www.google.com/maps/place/Vikas+Parthipan+Architects/@13.0280928,80.26957329999999,14z/data=!4m8!1m2!2m1!1sVikas+Parthipan+Architects!3m4!1s0x3a5267aa0999a6ad:0x9a953b5ff8294bcb!8m2!3d13.0280928!4d80.26957329999999","https://www.google.com/maps/place/Vikas+Parthipan+Architects/@13.0280928,80.26957329999999,13.99z/data=!4m16!1m7!3m6!1s0x3a5267aa0999a6ad:0x9a953b5ff8294bcb!2sVikas+Parthipan+Architects!8m2!3d13.0280928!4d80.26957329999999!16s%2Fg%2F11ckvg1dmb!3m7!1s0x3a5267aa0999a6ad:0x9a953b5ff8294bcb!8m2!3d13.0280928!4d80.26957329999999!9m1!1b1!16s%2Fg%2F11ckvg1dmb?entry=ttu",ChIJraaZCapnUjoRy0sp-F87lZo,0x3a5267aa0999a6ad:0x9a953b5ff8294bcb,1.11389E+19,/g/11pr82yjlv,-7.30787E+18,,,,,,,,,,,
"architectural designer, 600028, Chennai, Tamil Nadu, IN",Nirmaan Architects,Nirmaan Architects,"Architectural designer, Interior designer",,Architectural designer,+91 44 2446 2879,,"Parameshwari Nagar, Adyar, Chennai, Greater Chennai, Tamil Nadu 600020",,"Chennai, Greater Chennai","Parameshwari Nagar, Adyar",Tamil Nadu,,600020,India,IN,,,,,,,,,,,,,,,,,,,,,,,,,,,,,13.0031641,80.2581706,89618c4f48bffff,Asia/Calcutta,,False,4.8,15,https://search.google.com/local/reviews?placeid=ChIJH6apmvJnUjoRjBQ3lK69Uqo&q=*&authuser=0&hl=en&gl=IN,,"{""1"": 0, ""2"": 0, ""3"": 1, ""4"": 1, ""5"": 13}",0,0,1,1,13,5,https://lh3.googleusercontent.com/gps-cs-s/AHRPTWmB9mL7UBwS5FhfpBsF9MC-Htn0ou-WzFz-EBc7JhRTAyIXATJ-s7p09z1tipqj1vZEdPaFqblGk0RE-aG43xWcc-lukDjwgrLA74GnKsiI2yg11H6ZWpralm2R_oxKwE0soqw=w800-h500-k-no,https://lh3.googleusercontent.com/gps-cs-s/AHRPTWmB9mL7UBwS5FhfpBsF9MC-Htn0ou-WzFz-EBc7JhRTAyIXATJ-s7p09z1tipqj1vZEdPaFqblGk0RE-aG43xWcc-lukDjwgrLA74GnKsiI2yg11H6ZWpralm2R_oxKwE0soqw=w1600-h1000-k-no,https://lh4.googleusercontent.com/-GHqBlViGa2M/AAAAAAAAAAI/AAAAAAAAAAA/_1pykkikgwM/s44-p-k-no-ns-nd/photo.jpg,,,OPERATIONAL,,,,,,,,,,,,,,,True,105203952320881576825,Nirmaan Architects,https://www.google.com/maps/contrib/105203952320881576825,"https://www.google.com/maps/place/Nirmaan+Architects/@13.0031641,80.2581706,14z/data=!4m8!1m2!2m1!1sNirmaan+Architects!3m4!1s0x3a5267f29aa9a61f:0xaa52bdae9437148c!8m2!3d13.0031641!4d80.2581706","https://www.google.com/maps/place/Nirmaan+Architects/@13.0031641,80.2581706,13.99z/data=!4m16!1m7!3m6!1s0x3a5267f29aa9a61f:0xaa52bdae9437148c!2sNirmaan+Architects!8m2!3d13.0031641!4d80.2581706!16s%2Fg%2F11ckvg1dmb!3m7!1s0x3a5267f29aa9a61f:0xaa52bdae9437148c!8m2!3d13.0031641!4d80.2581706!9m1!1b1!16s%2Fg%2F11ckvg1dmb?entry=ttu",ChIJH6apmvJnUjoRjBQ3lK69Uqo,0x3a5267f29aa9a61f:0xaa52bdae9437148c,1.22731E+19,/g/1tf7w46y,-6.17366E+18,,,,,,,,,,,
"architectural designer, 600028, Chennai, Tamil Nadu, IN",Bhaskar Architects,Bhaskar Architects,"Architect, Interior designer",,Architect,+91 44 4202 2662,https://www.bhaskararchitects.com/,"7, Ammani Ammal Street, Jeth Nagar, Mandaveli, Chennai, Greater Chennai, Tamil Nadu 600028","7, Ammani Ammal Street","Chennai, Greater Chennai","Jeth Nagar, Mandaveli",Tamil Nadu,,600028,India,IN,bhaskararchitects.com,,,,,,,,,,,,,info@bhaskararchitects.com,RECEIVING,SMTP validated,,,,,,,HOME | bhaskararchitects,,Wix.com Website Builder,0,0,https://www.bhaskararchitects.com/contact-us,13.0291189,80.2628044,89618c4f68bffff,Asia/Calcutta,,False,4.5,55,https://search.google.com/local/reviews?placeid=ChIJPZpVe8hnUjoRuO1JVUBv4Qs&q=*&authuser=0&hl=en&gl=IN,,"{""1"": 2, ""2"": 0, ""3"": 5, ""4"": 11, ""5"": 37}",2,0,5,11,37,6,https://lh3.googleusercontent.com/gps-cs-s/AHRPTWn16hXNOMlQVf77DLemWkiaB1UhsbleJvKYKk8HbGAzBeAKOjUtUaRmNHgsIHu82IEAzih7EifjUq7GgCyWmIG1_-eHHK8lTgxgqTBQ3dcPISHAIk42-_VvPh1HqAtyKSg7nUJF6A=w800-h500-k-no,https://lh3.googleusercontent.com/gps-cs-s/AHRPTWn16hXNOMlQVf77DLemWkiaB1UhsbleJvKYKk8HbGAzBeAKOjUtUaRmNHgsIHu82IEAzih7EifjUq7GgCyWmIG1_-eHHK8lTgxgqTBQ3dcPISHAIk42-_VvPh1HqAtyKSg7nUJF6A=w1600-h1000-k-no,https://lh6.googleusercontent.com/-JAi3R9JBf9I/AAAAAAAAAAI/AAAAAAAAAAA/JPTDcGjIlR0/s44-p-k-no-ns-nd/photo.jpg,,,OPERATIONAL,"{""Monday"": [""9:30am-5:30pm""], ""Tuesday"": [""9:30am-5:30pm""], ""Wednesday"": [""9:30am-5:30pm""], ""Thursday"": [""9:30am-5:30pm""], ""Friday"": [""9:30am-5:30pm""], ""Saturday"": [""9:30am-5:30pm""], ""Sunday"": [""Closed""]}","Monday,9:30am,5:30pm|Tuesday,9:30am,5:30pm|Wednesday,9:30am,5:30pm|Thursday,9:30am,5:30pm|Friday,9:30am,5:30pm|Saturday,9:30am,5:30pm",,,,,,,,,,,,,True,117828591540964199214,Bhaskar Architects,https://www.google.com/maps/contrib/117828591540964199214,"https://www.google.com/maps/place/Bhaskar+Architects/@13.0291189,80.2628044,14z/data=!4m8!1m2!2m1!1sBhaskar+Architects!3m4!1s0x3a5267c87b559a3d:0xbe16f405549edb8!8m2!3d13.0291189!4d80.2628044","https://www.google.com/maps/place/Bhaskar+Architects/@13.0291189,80.2628044,13.99z/data=!4m16!1m7!3m6!1s0x3a5267c87b559a3d:0xbe16f405549edb8!2sBhaskar+Architects!8m2!3d13.0291189!4d80.2628044!16s%2Fg%2F11ckvg1dmb!3m7!1s0x3a5267c87b559a3d:0xbe16f405549edb8!8m2!3d13.0291189!4d80.2628044!9m1!1b1!16s%2Fg%2F11ckvg1dmb?entry=ttu",ChIJPZpVe8hnUjoRuO1JVUBv4Qs,0x3a5267c87b559a3d:0xbe16f405549edb8,8.56088E+17,/g/11cjj_0jkj,8.56088E+17,,,,,0,bhaskararchitects,India,Tamil Nadu,Chennai,600028,7 Ammani Ammal Street
"architectural designer, 600028, Chennai, Tamil Nadu, IN",K SQUARE ARCHITECTS,K Square Architects,Architect,,Architect,+91 96770 99960,http://www.ksquarearchitects.com/,"3B, #, 32, Gandhi Nagar 1st Main Rd, Gandhi Nagar, Adyar, Chennai, Tamil Nadu 600020","3B, #, 32, Gandhi Nagar 1st Main Rd","Chennai, Greater Chennai","Gandhi Nagar, Adyar",Tamil Nadu,,600020,India,IN,ksquarearchitects.com,,,,,https://www.facebook.com/ksquaredesigna/,https://www.instagram.com/ksquarearchitects,,https://www.youtube.com/channel/UCcnc8zxm_X_krGj341QcDsg,,,,,info@ksquarearchitects.com,RECEIVING,SMTP validated,,,,,,,"KSquare Architects - top architects in chennai, interior designers in chennai","Top Architects in Chennai & Interior Designers in Chennai for residential, commercial projects. We approach design with client concentric solutions.",Powered by Visual Composer - drag and drop page builder for WordPress.,0,0,https://www.ksquarearchitects.com/contact/,13.0068204,80.2558036,89618c4f413ffff,Asia/Calcutta,,False,4.5,75,https://search.google.com/local/reviews?placeid=ChIJ6UPMQ1RvUjoReEJY_Sh6CUg&q=*&authuser=0&hl=en&gl=IN,,"{""1"": 3, ""2"": 2, ""3"": 3, ""4"": 12, ""5"": 55}",3,2,3,12,55,23,https://lh3.googleusercontent.com/gps-cs-s/AHRPTWnNAcpf8y3X4xvEHsPbpjvy-I36PkaEhJ7R51S3Tk-_GkXqyjCdOAWrns6IOx0mPBDegTUomoCue0BgWRVGxMLDJMEWw_3V2kWDr6CFQtRo-VMUmujyKETyGRlxK8wXPceRGb8-=w800-h500-k-no,https://lh3.googleusercontent.com/gps-cs-s/AHRPTWnNAcpf8y3X4xvEHsPbpjvy-I36PkaEhJ7R51S3Tk-_GkXqyjCdOAWrns6IOx0mPBDegTUomoCue0BgWRVGxMLDJMEWw_3V2kWDr6CFQtRo-VMUmujyKETyGRlxK8wXPceRGb8-=w1600-h1000-k-no,https://lh3.googleusercontent.com/-4Y6MBGcnv6o/AAAAAAAAAAI/AAAAAAAAAAA/bMcKXVotRaE/s44-p-k-no-ns-nd/photo.jpg,,,OPERATIONAL,"{""Monday"": [""9:30am-6:30pm""], ""Tuesday"": [""9:30am-6:30pm""], ""Wednesday"": [""9:30am-6:30pm""], ""Thursday"": [""9:30am-6:30pm""], ""Friday"": [""9:30am-6:30pm""], ""Saturday"": [""9:30am-6:30pm""], ""Sunday"": [""Closed""]}","Monday,9:30am,6:30pm|Tuesday,9:30am,6:30pm|Wednesday,9:30am,6:30pm|Thursday,9:30am,6:30pm|Friday,9:30am,6:30pm|Saturday,9:30am,6:30pm",,,,,,,,,,,,,True,100907274388269300804,K SQUARE ARCHITECTS,https://www.google.com/maps/contrib/100907274388269300804,"https://www.google.com/maps/place/K+SQUARE+ARCHITECTS/@13.006820399999999,80.2558036,14z/data=!4m8!1m2!2m1!1sK+SQUARE+ARCHITECTS!3m4!1s0x3a526f5443cc43e9:0x48097a28fd584278!8m2!3d13.006820399999999!4d80.2558036","https://www.google.com/maps/place/K+SQUARE+ARCHITECTS/@13.006820399999999,80.2558036,13.99z/data=!4m16!1m7!3m6!1s0x3a526f5443cc43e9:0x48097a28fd584278!2sK+SQUARE+ARCHITECTS!8m2!3d13.006820399999999!4d80.2558036!16s%2Fg%2F11ckvg1dmb!3m7!1s0x3a526f5443cc43e9:0x48097a28fd584278!8m2!3d13.006820399999999!4d80.2558036!9m1!1b1!16s%2Fg%2F11ckvg1dmb?entry=ttu",ChIJ6UPMQ1RvUjoReEJY_Sh6CUg,0x3a526f5443cc43e9:0x48097a28fd584278,5.19081E+18,/g/11b5s2djkz,5.19081E+18,50,10000000,,ARCHITECTURE_PLANNING,0,K Square Design,India,Tamil Nadu,Chennai,600020,62/3 1st Main Road
"architectural designer, 600028, Chennai, Tamil Nadu, IN",Dwellion Architecture & Interior Design,Dwellion Architecture And Interior Design,"Architect, Architecture firm, Architectural designer, Building consultant, Building firm, Interior designer",,Architect,+91 44 4202 8181,https://www.dwellion.in/,"46/6, Flat - G, Gilly,3rd floor, 23rd St, L Block, Annanagar East, Chennai, Tamil Nadu 600102","46/6, Flat - G, Gilly,3rd floor, 23rd St","Chennai, Greater Chennai","L Block, Annanagar East",Tamil Nadu,,600102,India,IN,dwellion.in,,918939088988,"918939088988, 04442028181, 8939088988",,https://www.facebook.com/dwellion/,https://www.instagram.com/dwellion,https://twitter.com/DwellionA,https://www.youtube.com/channel/UClgpbIm6NbKeO4D4W6cKhng,,,,,info@dwellion.in,RECEIVING,SMTP validated,,,,,,,"Best Architects in Chennai, Top Architecture Firm in Chennai | Dwellion","An Award-winning architectural firm based in Chennai, India. One of the top architects in Chennai specializing in ✓Commercial ✓Residential ✓Interior .",WordPress 5.7.7,0,0,https://www.dwellion.in/about-architect/,13.0917027,80.2247813,89618c4d663ffff,Asia/Calcutta,,False,4.9,69,https://search.google.com/local/reviews?placeid=ChIJsVgsJy5kUjoRrP6p3jTaTU8&q=*&authuser=0&hl=en&gl=IN,,"{""1"": 0, ""2"": 0, ""3"": 1, ""4"": 5, ""5"": 63}",0,0,1,5,63,62,https://lh3.googleusercontent.com/gps-cs-s/AHRPTWksSpTIvaiEGq05NLdGnlXbPRgyeS2X_Alj1QDEzqZwwd3IXwVIzELrrkyHXkvfkKSM6YuAiOoaE0_RvASyn3lXO9jwASggGgiydDQ2hJiNybYMn88ETSlbY5d02ZPqIn01-TOahw=w800-h500-k-no,https://lh3.googleusercontent.com/gps-cs-s/AHRPTWksSpTIvaiEGq05NLdGnlXbPRgyeS2X_Alj1QDEzqZwwd3IXwVIzELrrkyHXkvfkKSM6YuAiOoaE0_RvASyn3lXO9jwASggGgiydDQ2hJiNybYMn88ETSlbY5d02ZPqIn01-TOahw=w1600-h1000-k-no,https://lh6.googleusercontent.com/-kMHPuplrHMg/AAAAAAAAAAI/AAAAAAAAAAA/hqvvaJTGRno/s44-p-k-no-ns-nd/photo.jpg,,,OPERATIONAL,"{""Monday"": [""9:30am-6:30pm""], ""Tuesday"": [""9:30am-6:30pm""], ""Wednesday"": [""9:30am-6:30pm""], ""Thursday"": [""9:30am-6:30pm""], ""Friday"": [""9:30am-6:30pm""], ""Saturday"": [""9:30am-1:30pm""], ""Sunday"": [""Closed""]}","Monday,9:30am,6:30pm|Tuesday,9:30am,6:30pm|Wednesday,9:30am,6:30pm|Thursday,9:30am,6:30pm|Friday,9:30am,6:30pm|Saturday,9:30am,1:30pm",,,,,,,,,,"{""Accessibility"": {""Wheelchair-accessible car park"": true}}",,,True,109582922866915040395,Dwellion Architecture & Interior Design,https://www.google.com/maps/contrib/109582922866915040395,"https://www.google.com/maps/place/Dwellion+Architecture+%26+Interior+Design/@13.091702699999999,80.22478129999999,14z/data=!4m8!1m2!2m1!1sDwellion+Architecture+%26+Interior+Design!3m4!1s0x3a52642e272c58b1:0x4f4dda34dea9feac!8m2!3d13.091702699999999!4d80.22478129999999","https://www.google.com/maps/place/Dwellion+Architecture+%26+Interior+Design/@13.091702699999999,80.22478129999999,13.99z/data=!4m16!1m7!3m6!1s0x3a52642e272c58b1:0x4f4dda34dea9feac!2sDwellion+Architecture+%26+Interior+Design!8m2!3d13.091702699999999!4d80.22478129999999!16s%2Fg%2F11ckvg1dmb!3m7!1s0x3a52642e272c58b1:0x4f4dda34dea9feac!8m2!3d13.091702699999999!4d80.22478129999999!9m1!1b1!16s%2Fg%2F11ckvg1dmb?entry=ttu",ChIJsVgsJy5kUjoRrP6p3jTaTU8,0x3a52642e272c58b1:0x4f4dda34dea9feac,5.71446E+18,/g/11cjg4s69k,5.71446E+18,10,10000000,2007,ARCHITECTURE_PLANNING,0,Dwellion,India,Tamil Nadu,Chennai,600102,46/6 23rd Street
"architectural designer, 600028, Chennai, Tamil Nadu, IN",Studio Context Architects,Studio Context Architects,Architect,,Architect,,,"27H4+7HH, RA Puram, Trustpakkam, Mandaveli, Chennai, Greater Chennai, Tamil Nadu 600028",27H4+7HH,"Chennai, Greater Chennai","RA Puram, Trustpakkam, Mandaveli",Tamil Nadu,,600028,India,IN,,,,,,,,,,,,,,,,,,,,,,,,,,,,,13.0281971,80.2564764,89618c4f617ffff,Asia/Calcutta,,False,4.5,13,https://search.google.com/local/reviews?placeid=ChIJx2_aQeRnUjoRciWw825hdF8&q=*&authuser=0&hl=en&gl=IN,,"{""1"": 1, ""2"": 0, ""3"": 0, ""4"": 3, ""5"": 9}",1,0,0,3,9,4,https://lh3.googleusercontent.com/gps-cs-s/AHRPTWn42OQIAryjyLeWPyk12H0jmvTPGQMumOX_MYE3oQJeufhYFNOZrfXGTcgf69S-GKUSQwX1JCAXuTZH-JNJcN_dZnoDJnuYSHeByY4aT4zwPHE8rD0pNId5IDcmVJermypxlJYShw=w800-h500-k-no,https://lh3.googleusercontent.com/gps-cs-s/AHRPTWn42OQIAryjyLeWPyk12H0jmvTPGQMumOX_MYE3oQJeufhYFNOZrfXGTcgf69S-GKUSQwX1JCAXuTZH-JNJcN_dZnoDJnuYSHeByY4aT4zwPHE8rD0pNId5IDcmVJermypxlJYShw=w1600-h1000-k-no,,,,OPERATIONAL,"{""Monday"": [""10am-6pm""], ""Tuesday"": [""10am-6pm""], ""Wednesday"": [""10am-6pm""], ""Thursday"": [""10am-6pm""], ""Friday"": [""10am-6pm""], ""Saturday"": [""Closed""], ""Sunday"": [""Closed""]}","Monday,10am,6pm|Tuesday,10am,6pm|Wednesday,10am,6pm|Thursday,10am,6pm|Friday,10am,6pm",,,,,,,,,,,,,False,,Studio Context Architects,,"https://www.google.com/maps/place/Studio+Context+Architects/@13.0281971,80.2564764,14z/data=!4m8!1m2!2m1!1sStudio+Context+Architects!3m4!1s0x3a5267e441da6fc7:0x5f74616ef3b02572!8m2!3d13.0281971!4d80.2564764","https://www.google.com/maps/place/Studio+Context+Architects/@13.0281971,80.2564764,13.99z/data=!4m16!1m7!3m6!1s0x3a5267e441da6fc7:0x5f74616ef3b02572!2sStudio+Context+Architects!8m2!3d13.0281971!4d80.2564764!16s%2Fg%2F11ckvg1dmb!3m7!1s0x3a5267e441da6fc7:0x5f74616ef3b02572!8m2!3d13.0281971!4d80.2564764!9m1!1b1!16s%2Fg%2F11ckvg1dmb?entry=ttu",ChIJx2_aQeRnUjoRciWw825hdF8,0x3a5267e441da6fc7:0x5f74616ef3b02572,6.87823E+18,/g/11ghdq_ywg,6.87823E+18,,,,,,,,,,,
"architectural designer, 600028, Chennai, Tamil Nadu, IN",Greenviron (P. G. Sivakumaar & Associates),Greenviron P G Sivakumaar And Associates,Architect,,Architect,+91 44 2447 4668,http://www.pgsgreen.in/,"No:2, T1, Shivaji’s Maniram Building, Gandhi Mandapam Rd, near Canara bank, Chitra Nagar, Kotturpuram, Chennai, Greater Chennai, Tamil Nadu 600085","No:2, T1, Shivaji’s Maniram Building, Gandhi Mandapam Rd, near Canara bank","Chennai, Greater Chennai","Chitra Nagar, Kotturpuram",Tamil Nadu,,600085,India,IN,pgsgreen.in,,,,,,,,,,,,,archpgs@gmail.com,RECEIVING,Verified,,,,,,,P.G.Sivakumaar & Associates,P.G. Sivakumar and Associates is a very vibrant and dynamic architectural practice. We have a good reputation in the field of architecture for past 31 ....,,0,0,http://pgsgreen.in/Contact.html,13.0223044,80.2422502,89618c4f0c7ffff,Asia/Calcutta,,False,4.8,17,https://search.google.com/local/reviews?placeid=ChIJd9_5O6VnUjoRh_yQTlWn0Vk&q=*&authuser=0&hl=en&gl=IN,,"{""1"": 0, ""2"": 0, ""3"": 0, ""4"": 3, ""5"": 14}",0,0,0,3,14,14,https://lh3.googleusercontent.com/gps-cs-s/AHRPTWmAFXhsc516PqiYUnUr6hd6OCQ_DB9pi_SAf5xzdkypk3JsLdYkg1f_QKl1ymHYWghwxntvk7g2asA2TKs_D3DhvYZ-dZBjyVt2WcJNJPSQdlrLVHky0kzj_oH3nAj9eR6HQnUjsg=w800-h500-k-no,https://lh3.googleusercontent.com/gps-cs-s/AHRPTWmAFXhsc516PqiYUnUr6hd6OCQ_DB9pi_SAf5xzdkypk3JsLdYkg1f_QKl1ymHYWghwxntvk7g2asA2TKs_D3DhvYZ-dZBjyVt2WcJNJPSQdlrLVHky0kzj_oH3nAj9eR6HQnUjsg=w1600-h1000-k-no,https://lh5.googleusercontent.com/-oPDT3_11Ep8/AAAAAAAAAAI/AAAAAAAAAAA/Fn9qWo92s0s/s44-p-k-no-ns-nd/photo.jpg,,,OPERATIONAL,"{""Monday"": [""9:30am-6:30pm""], ""Tuesday"": [""9:30am-6:30pm""], ""Wednesday"": [""9:30am-6:30pm""], ""Thursday"": [""9:30am-6:30pm""], ""Friday"": [""9:30am-6:30pm""], ""Saturday"": [""9:30am-6:30pm""], ""Sunday"": [""Closed""]}","Monday,9:30am,6:30pm|Tuesday,9:30am,6:30pm|Wednesday,9:30am,6:30pm|Thursday,9:30am,6:30pm|Friday,9:30am,6:30pm|Saturday,9:30am,6:30pm",,,,,,,,,,,,,True,102391523842369705741,Greenviron,https://www.google.com/maps/contrib/102391523842369705741,"https://www.google.com/maps/place/Greenviron+%28P.+G.+Sivakumaar+%26+Associates%29/@13.0223044,80.2422502,14z/data=!4m8!1m2!2m1!1sGreenviron+%28P.+G.+Sivakumaar+%26+Associates%29!3m4!1s0x3a5267a53bf9df77:0x59d1a7554e90fc87!8m2!3d13.0223044!4d80.2422502","https://www.google.com/maps/place/Greenviron+%28P.+G.+Sivakumaar+%26+Associates%29/@13.0223044,80.2422502,13.99z/data=!4m16!1m7!3m6!1s0x3a5267a53bf9df77:0x59d1a7554e90fc87!2sGreenviron+%28P.+G.+Sivakumaar+%26+Associates%29!8m2!3d13.0223044!4d80.2422502!16s%2Fg%2F11ckvg1dmb!3m7!1s0x3a5267a53bf9df77:0x59d1a7554e90fc87!8m2!3d13.0223044!4d80.2422502!9m1!1b1!16s%2Fg%2F11ckvg1dmb?entry=ttu",ChIJd9_5O6VnUjoRh_yQTlWn0Vk,0x3a5267a53bf9df77:0x59d1a7554e90fc87,6.47214E+18,/g/11cs3qhwlp,6.47214E+18,,,,,0,P.G.Sivakumaar & Associates,India,Tamil Nadu,Tiruchirappalli,620020,
"architectural designer, 600028, Chennai, Tamil Nadu, IN",Greenviron (P. G. Sivakumaar & Associates),Greenviron P G Sivakumaar And Associates,Architect,,Architect,+91 44 2447 4668,http://www.pgsgreen.in/,"No:2, T1, Shivaji’s Maniram Building, Gandhi Mandapam Rd, near Canara bank, Chitra Nagar, Kotturpuram, Chennai, Greater Chennai, Tamil Nadu 600085","No:2, T1, Shivaji’s Maniram Building, Gandhi Mandapam Rd, near Canara bank","Chennai, Greater Chennai","Chitra Nagar, Kotturpuram",Tamil Nadu,,600085,India,IN,pgsgreen.in,,,,,,,,,,,,,admin@pgsgreen.in,UNKNOWN,Cannot validate,,,,,,,P.G.Sivakumaar & Associates,P.G. Sivakumar and Associates is a very vibrant and dynamic architectural practice. We have a good reputation in the field of architecture for past 31 ....,,0,0,http://pgsgreen.in/Contact.html,13.0223044,80.2422502,89618c4f0c7ffff,Asia/Calcutta,,False,4.8,17,https://search.google.com/local/reviews?placeid=ChIJd9_5O6VnUjoRh_yQTlWn0Vk&q=*&authuser=0&hl=en&gl=IN,,"{""1"": 0, ""2"": 0, ""3"": 0, ""4"": 3, ""5"": 14}",0,0,0,3,14,14,https://lh3.googleusercontent.com/gps-cs-s/AHRPTWmAFXhsc516PqiYUnUr6hd6OCQ_DB9pi_SAf5xzdkypk3JsLdYkg1f_QKl1ymHYWghwxntvk7g2asA2TKs_D3DhvYZ-dZBjyVt2WcJNJPSQdlrLVHky0kzj_oH3nAj9eR6HQnUjsg=w800-h500-k-no,https://lh3.googleusercontent.com/gps-cs-s/AHRPTWmAFXhsc516PqiYUnUr6hd6OCQ_DB9pi_SAf5xzdkypk3JsLdYkg1f_QKl1ymHYWghwxntvk7g2asA2TKs_D3DhvYZ-dZBjyVt2WcJNJPSQdlrLVHky0kzj_oH3nAj9eR6HQnUjsg=w1600-h1000-k-no,https://lh5.googleusercontent.com/-oPDT3_11Ep8/AAAAAAAAAAI/AAAAAAAAAAA/Fn9qWo92s0s/s44-p-k-no-ns-nd/photo.jpg,,,OPERATIONAL,"{""Monday"": [""9:30am-6:30pm""], ""Tuesday"": [""9:30am-6:30pm""], ""Wednesday"": [""9:30am-6:30pm""], ""Thursday"": [""9:30am-6:30pm""], ""Friday"": [""9:30am-6:30pm""], ""Saturday"": [""9:30am-6:30pm""], ""Sunday"": [""Closed""]}","Monday,9:30am,6:30pm|Tuesday,9:30am,6:30pm|Wednesday,9:30am,6:30pm|Thursday,9:30am,6:30pm|Friday,9:30am,6:30pm|Saturday,9:30am,6:30pm",,,,,,,,,,,,,True,102391523842369705741,Greenviron,https://www.google.com/maps/contrib/102391523842369705741,"https://www.google.com/maps/place/Greenviron+%28P.+G.+Sivakumaar+%26+Associates%29/@13.0223044,80.2422502,14z/data=!4m8!1m2!2m1!1sGreenviron+%28P.+G.+Sivakumaar+%26+Associates%29!3m4!1s0x3a5267a53bf9df77:0x59d1a7554e90fc87!8m2!3d13.0223044!4d80.2422502","https://www.google.com/maps/place/Greenviron+%28P.+G.+Sivakumaar+%26+Associates%29/@13.0223044,80.2422502,13.99z/data=!4m16!1m7!3m6!1s0x3a5267a53bf9df77:0x59d1a7554e90fc87!2sGreenviron+%28P.+G.+Sivakumaar+%26+Associates%29!8m2!3d13.0223044!4d80.2422502!16s%2Fg%2F11ckvg1dmb!3m7!1s0x3a5267a53bf9df77:0x59d1a7554e90fc87!8m2!3d13.0223044!4d80.2422502!9m1!1b1!16s%2Fg%2F11ckvg1dmb?entry=ttu",ChIJd9_5O6VnUjoRh_yQTlWn0Vk,0x3a5267a53bf9df77:0x59d1a7554e90fc87,6.47214E+18,/g/11cs3qhwlp,6.47214E+18,,,,,0,P.G.Sivakumaar & Associates,India,Tamil Nadu,Tiruchirappalli,620020,
"architectural designer, 600028, Chennai, Tamil Nadu, IN",Zen Inc Design Studio,Zen Inc Design Studio,"Architecture firm, Association / Organization, Interior architect office, Interior designer",,Architecture firm,+91 93634 42119,http://www.zeninc.in/,"17/9, 3rd Cross St, Shastri Nagar, Adyar, Chennai, Greater Chennai, Tamil Nadu 600020","17/9, 3rd Cross St","Chennai, Greater Chennai","Shastri Nagar, Adyar",Tamil Nadu,,600020,India,IN,zeninc.in,zen inc studio,9363466675,09363466675,https://www.linkedin.com/company/zen-inc-studio/,https://www.facebook.com/Zen.Inc.Studio/,https://www.instagram.com/zen.inc.studio,,https://www.youtube.com/channel/UCii2QFBQOqU3yKITor3WVpQ,,,,,contact@zeninc.in,UNKNOWN,Cannot validate,,,,,,,Zen inc,,,0,0,fb,12.9988716,80.2584106,89618c4f493ffff,Asia/Calcutta,,False,4.9,18,https://search.google.com/local/reviews?placeid=ChIJ7-rgf0tnUjoRH9B3JSLMIWs&q=*&authuser=0&hl=en&gl=IN,,"{""1"": 0, ""2"": 0, ""3"": 0, ""4"": 1, ""5"": 17}",0,0,0,1,17,30,https://lh3.googleusercontent.com/gps-cs-s/AHRPTWkE9vHwUOJ0EJwYrkFUsgvuhRVVxRYBh8bIaQhPswGkwKBYd8obSfMG8NyoeX4DTsVgU2yTWeyC7_-UCpvpc1QmeRt_rv4O01dPCx0KV76seEm-hpK2MjQV_PIw5ClNuJ9FiVHb=w800-h500-k-no,https://lh3.googleusercontent.com/gps-cs-s/AHRPTWkE9vHwUOJ0EJwYrkFUsgvuhRVVxRYBh8bIaQhPswGkwKBYd8obSfMG8NyoeX4DTsVgU2yTWeyC7_-UCpvpc1QmeRt_rv4O01dPCx0KV76seEm-hpK2MjQV_PIw5ClNuJ9FiVHb=w1600-h1000-k-no,https://lh5.googleusercontent.com/-onq1wNqXgi4/AAAAAAAAAAI/AAAAAAAAAAA/Tqayvu_gYhk/s44-p-k-no-ns-nd/photo.jpg,,,OPERATIONAL,"{""Monday"": [""10am-6:30pm""], ""Tuesday"": [""10am-6:30pm""], ""Wednesday"": [""10am-6:30pm""], ""Thursday"": [""10am-6:30pm""], ""Friday"": [""10am-6:30pm""], ""Saturday"": [""10am-6:30pm""], ""Sunday"": [""Closed""]}","Monday,10am,6:30pm|Tuesday,10am,6:30pm|Wednesday,10am,6:30pm|Thursday,10am,6:30pm|Friday,10am,6:30pm|Saturday,10am,6:30pm",,,,,,,,,,,,,True,106548499119751422841,Zen Inc Design Studio,https://www.google.com/maps/contrib/106548499119751422841,"https://www.google.com/maps/place/Zen+Inc+Design+Studio/@12.9988716,80.25841059999999,14z/data=!4m8!1m2!2m1!1sZen+Inc+Design+Studio!3m4!1s0x3a52674b7fe0eaef:0x6b21cc222577d01f!8m2!3d12.9988716!4d80.25841059999999","https://www.google.com/maps/place/Zen+Inc+Design+Studio/@12.9988716,80.25841059999999,13.99z/data=!4m16!1m7!3m6!1s0x3a52674b7fe0eaef:0x6b21cc222577d01f!2sZen+Inc+Design+Studio!8m2!3d12.9988716!4d80.25841059999999!16s%2Fg%2F11ckvg1dmb!3m7!1s0x3a52674b7fe0eaef:0x6b21cc222577d01f!8m2!3d12.9988716!4d80.25841059999999!9m1!1b1!16s%2Fg%2F11ckvg1dmb?entry=ttu",ChIJ7-rgf0tnUjoRH9B3JSLMIWs,0x3a52674b7fe0eaef:0x6b21cc222577d01f,7.71968E+18,/g/11rdcfj2cv,7.71968E+18,10,1000000,,ARCHITECTURE_PLANNING,0,Zen Inc Design Group,India,,,,
"architectural designer, 600028, Chennai, Tamil Nadu, IN",ED+ ARCHITECTURE,Ed+ Architecture,"Architecture firm, Interior designer",,Architecture firm,,http://edarch.in/,"Kailash"", No. 6/25, First Street, Cenotaph Rd, Teynampet, Chennai, Tamil Nadu 600018","Kailash"", No. 6/25, First Street, Cenotaph Rd","Chennai, Greater Chennai","Sri Ram Nagar, Teynampet",Tamil Nadu,,600018,India,IN,edarch.in,,,,,,,,,,,,,contact@edarch.in,RECEIVING,SMTP validated,,,,,,,,,,,,google,13.0340357,80.2471517,89618c4f62fffff,Asia/Calcutta,,False,4.9,12,https://search.google.com/local/reviews?placeid=ChIJNWCZw1hnUjoROVB3hRrDR_o&q=*&authuser=0&hl=en&gl=IN,,"{""1"": 0, ""2"": 0, ""3"": 0, ""4"": 1, ""5"": 11}",0,0,0,1,11,2,https://streetviewpixels-pa.googleapis.com/v1/thumbnail?panoid=pxVpUnWCxYW0hB_STfA8NQ&cb_client=search.gws-prod.gps&w=800&h=500&yaw=193.22038&pitch=0&thumbfov=100,https://lh3.googleusercontent.com/gps-cs-s/AHRPTWk9kMkqdDfpdBU87SbNUytG8U1Xoff4qd8glFdbEfnPEh088fcKKvTV3jP6W6d-475V4wyFtwH-v5hupCgHyCElBXSp58RH89Xo_f3ZGeeYiQqcmbPNNc01tooaZoC2yZfcTic=w1600-h1000-k-no,https://lh3.googleusercontent.com/-d1dVxqJjw2c/AAAAAAAAAAI/AAAAAAAAAAA/wl9v2sxTn7A/s44-p-k-no-ns-nd/photo.jpg,,,OPERATIONAL,"{""Monday"": [""9am-6pm""], ""Tuesday"": [""9am-6pm""], ""Wednesday"": [""9am-6pm""], ""Thursday"": [""9am-6pm""], ""Friday"": [""9am-6pm""], ""Saturday"": [""Closed""], ""Sunday"": [""Closed""]}","Monday,9am,6pm|Tuesday,9am,6pm|Wednesday,9am,6pm|Thursday,9am,6pm|Friday,9am,6pm",,,,,,,,,,,,,True,117039905486336477226,ED+ ARCHITECTURE,https://www.google.com/maps/contrib/117039905486336477226,"https://www.google.com/maps/place/ED%2B+ARCHITECTURE/@13.034035699999999,80.2471517,14z/data=!4m8!1m2!2m1!1sED%2B+ARCHITECTURE!3m4!1s0x3a526758c3996035:0xfa47c31a85775039!8m2!3d13.034035699999999!4d80.2471517","https://www.google.com/maps/place/ED%2B+ARCHITECTURE/@13.034035699999999,80.2471517,13.99z/data=!4m16!1m7!3m6!1s0x3a526758c3996035:0xfa47c31a85775039!2sED%2B+ARCHITECTURE!8m2!3d13.034035699999999!4d80.2471517!16s%2Fg%2F11ckvg1dmb!3m7!1s0x3a526758c3996035:0xfa47c31a85775039!8m2!3d13.034035699999999!4d80.2471517!9m1!1b1!16s%2Fg%2F11ckvg1dmb?entry=ttu",ChIJNWCZw1hnUjoROVB3hRrDR_o,0x3a526758c3996035:0xfa47c31a85775039,1.80346E+19,/g/11jsm4qb6m,-4.12146E+17,50,10000000,1988,ARCHITECTURE_PLANNING,0,Edarch,India,,,,
"architectural designer, 600028, Chennai, Tamil Nadu, IN",Jeganath Jb Architects,Jeganath Jb Architects,Architecture firm,,Architecture firm,,,"Habib complex, Rams Apts Swathi, No. 6, 6th floor, towers, Adyar Bridge, Raja Annamalaipuram, Chennai, Tamil Nadu 600028","Habib complex, Rams Apts Swathi, No. 6, 6th floor, towers, Adyar Bridge","Chennai, Greater Chennai","State Bank of India Colony, Raja Annamalaipuram",Tamil Nadu,,600028,India,IN,,,,,,,,,,,,,,,,,,,,,,,,,,,,,13.0179356,80.2611859,89618c4f45bffff,Asia/Calcutta,,False,4.9,40,https://search.google.com/local/reviews?placeid=ChIJVVWl68NnUjoRYZ10807NHf4&q=*&authuser=0&hl=en&gl=IN,,"{""1"": 0, ""2"": 0, ""3"": 2, ""4"": 2, ""5"": 36}",0,0,2,2,36,18,https://lh3.googleusercontent.com/gps-cs-s/AHRPTWl0c7q5qcR5h2MEkbwa0g6kVydIKur2BQV2kthkTL3gnrNOzrGePkScaISP76q2iwZ9g3NJ8Qg-0jPWxhoFNFbXB30pq30n45ceuGI7dTI3ZV_flpcfPLWDryVTmvRoGHOdw4lQoRfzr4wD=w800-h500-k-no,https://lh3.googleusercontent.com/gps-cs-s/AHRPTWl0c7q5qcR5h2MEkbwa0g6kVydIKur2BQV2kthkTL3gnrNOzrGePkScaISP76q2iwZ9g3NJ8Qg-0jPWxhoFNFbXB30pq30n45ceuGI7dTI3ZV_flpcfPLWDryVTmvRoGHOdw4lQoRfzr4wD=w1600-h1000-k-no,https://lh4.googleusercontent.com/-oeqrR9tVSiw/AAAAAAAAAAI/AAAAAAAAAAA/9mwBA8lGsyw/s44-p-k-no-ns-nd/photo.jpg,,,OPERATIONAL,"{""Monday"": [""9:30am-7:30pm""], ""Tuesday"": [""9:30am-7:30pm""], ""Wednesday"": [""9:30am-7:30pm""], ""Thursday"": [""9:30am-7:30pm""], ""Friday"": [""9:30am-7:30pm""], ""Saturday"": [""9:30am-7:30pm""], ""Sunday"": [""Closed""]}","Monday,9:30am,7:30pm|Tuesday,9:30am,7:30pm|Wednesday,9:30am,7:30pm|Thursday,9:30am,7:30pm|Friday,9:30am,7:30pm|Saturday,9:30am,7:30pm",,,,,,,,,,,,,True,103631100260749040087,Jeganath Jb Architects,https://www.google.com/maps/contrib/103631100260749040087,"https://www.google.com/maps/place/Jeganath+Jb+Architects/@13.0179356,80.2611859,14z/data=!4m8!1m2!2m1!1sJeganath+Jb+Architects!3m4!1s0x3a5267c3eba55555:0xfe1dcd4ef3749d61!8m2!3d13.0179356!4d80.2611859","https://www.google.com/maps/place/Jeganath+Jb+Architects/@13.0179356,80.2611859,13.99z/data=!4m16!1m7!3m6!1s0x3a5267c3eba55555:0xfe1dcd4ef3749d61!2sJeganath+Jb+Architects!8m2!3d13.0179356!4d80.2611859!16s%2Fg%2F11ckvg1dmb!3m7!1s0x3a5267c3eba55555:0xfe1dcd4ef3749d61!8m2!3d13.0179356!4d80.2611859!9m1!1b1!16s%2Fg%2F11ckvg1dmb?entry=ttu",ChIJVVWl68NnUjoRYZ10807NHf4,0x3a5267c3eba55555:0xfe1dcd4ef3749d61,1.8311E+19,/g/11dz2smvwl,-1.35727E+17,,,,,,,,,,,
"architectural designer, 600028, Chennai, Tamil Nadu, IN",The Architecture Story,The Architecture Story,Architecture firm,,Architecture firm,+91 7397 409 826,http://thearchitecturestory.com/,"8/14, Central Ave, Kesavaperumalpuram, Gandhi Nagar, Raja Annamalaipuram, Chennai, Greater Chennai, Tamil Nadu 600028","8/14, Central Ave","Chennai, Greater Chennai","Kesavaperumalpuram, Gandhi Nagar, Raja Annamalaipuram",Tamil Nadu,,600028,India,IN,thearchitecturestory.com,The Architecture Story ,917397409826,917397409826,https://www.linkedin.com/company/the-architecture-story/,https://www.facebook.com/thearchitecturestory,https://www.instagram.com/thearchitecturestory,,,,,,,studio@thearchitecturestory.com,RECEIVING,SMTP validated,,,,,,,The Architecture Story,,,0,0,https://www.facebook.com/thearchitecturestory,13.0216183,80.2544043,89618c4f6b7ffff,Asia/Calcutta,,False,4.6,8,https://search.google.com/local/reviews?placeid=ChIJ9wYjQppnUjoRPbkqyPXyW30&q=*&authuser=0&hl=en&gl=IN,,"{""1"": 0, ""2"": 1, ""3"": 0, ""4"": 0, ""5"": 7}",0,1,0,0,7,21,https://lh3.googleusercontent.com/gps-cs-s/AHRPTWmWHwDLch1EN4JQH_fEihnk2sIBTVfVkc0w-JGuCcIT1soiXVA0VI_aMg2tWFUIBKGBxcfKr8A8t5D5Xqs0zrCPwBGxYyZncT_391KcNYg3I2UkDu32GafJ0kvzNDj7qF5_ifxTvQ=w800-h500-k-no,https://lh3.googleusercontent.com/gps-cs-s/AHRPTWmWHwDLch1EN4JQH_fEihnk2sIBTVfVkc0w-JGuCcIT1soiXVA0VI_aMg2tWFUIBKGBxcfKr8A8t5D5Xqs0zrCPwBGxYyZncT_391KcNYg3I2UkDu32GafJ0kvzNDj7qF5_ifxTvQ=w1600-h1000-k-no,https://lh3.googleusercontent.com/-YLeKqZ-wKR4/AAAAAAAAAAI/AAAAAAAAAAA/NGY5zbuKH3o/s44-p-k-no-ns-nd/photo.jpg,,,OPERATIONAL,"{""Monday"": [""9am-6:30pm""], ""Tuesday"": [""9am-6:30pm""], ""Wednesday"": [""9am-6:30pm""], ""Thursday"": [""9am-6:30pm""], ""Friday"": [""9am-6:30pm""], ""Saturday"": [""9am-1pm""], ""Sunday"": [""Closed""]}","Monday,9am,6:30pm|Tuesday,9am,6:30pm|Wednesday,9am,6:30pm|Thursday,9am,6:30pm|Friday,9am,6:30pm|Saturday,9am,1pm",,,,,,,,,,,,,True,114538394596244457239,The Architecture Story,https://www.google.com/maps/contrib/114538394596244457239,"https://www.google.com/maps/place/The+Architecture+Story/@13.0216183,80.25440429999999,14z/data=!4m8!1m2!2m1!1sThe+Architecture+Story!3m4!1s0x3a52679a422306f7:0x7d5bf2f5c82ab93d!8m2!3d13.0216183!4d80.25440429999999","https://www.google.com/maps/place/The+Architecture+Story/@13.0216183,80.25440429999999,13.99z/data=!4m16!1m7!3m6!1s0x3a52679a422306f7:0x7d5bf2f5c82ab93d!2sThe+Architecture+Story!8m2!3d13.0216183!4d80.25440429999999!16s%2Fg%2F11ckvg1dmb!3m7!1s0x3a52679a422306f7:0x7d5bf2f5c82ab93d!8m2!3d13.0216183!4d80.25440429999999!9m1!1b1!16s%2Fg%2F11ckvg1dmb?entry=ttu",ChIJ9wYjQppnUjoRPbkqyPXyW30,0x3a52679a422306f7:0x7d5bf2f5c82ab93d,9.03308E+18,/g/11fmxst2l4,9.03308E+18,10,1000000,2018,ARCHITECTURE_PLANNING,0,The Architecture Story ®,India,Tamil Nadu,Chennai,,